[{"model": "admin.logentry", "pk": 1, "fields": {"action_time": "2024-05-09T07:49:20.059Z", "user": 1, "content_type": 3, "object_id": "1", "object_repr": "ELEVES", "action_flag": 1, "change_message": "[{\"added\": {}}]"}}, {"model": "admin.logentry", "pk": 2, "fields": {"action_time": "2024-05-09T07:49:28.707Z", "user": 1, "content_type": 3, "object_id": "2", "object_repr": "ENSEIGNANTS", "action_flag": 1, "change_message": "[{\"added\": {}}]"}}, {"model": "admin.logentry", "pk": 3, "fields": {"action_time": "2024-05-09T07:49:40.257Z", "user": 1, "content_type": 3, "object_id": "3", "object_repr": "PARENTS", "action_flag": 1, "change_message": "[{\"added\": {}}]"}}, {"model": "admin.logentry", "pk": 4, "fields": {"action_time": "2024-05-09T07:50:38.203Z", "user": 1, "content_type": 6, "object_id": "2", "object_repr": "amina", "action_flag": 1, "change_message": "[{\"added\": {}}]"}}, {"model": "admin.logentry", "pk": 5, "fields": {"action_time": "2024-05-09T07:51:01.568Z", "user": 1, "content_type": 6, "object_id": "3", "object_repr": "sarah", "action_flag": 1, "change_message": "[{\"added\": {}}]"}}, {"model": "admin.logentry", "pk": 6, "fields": {"action_time": "2024-05-09T07:52:40.243Z", "user": 1, "content_type": 6, "object_id": "4", "object_repr": "gojo", "action_flag": 1, "change_message": "[{\"added\": {}}]"}}, {"model": "admin.logentry", "pk": 7, "fields": {"action_time": "2024-05-09T12:31:20.724Z", "user": 1, "content_type": 6, "object_id": "4", "object_repr": "gojo", "action_flag": 3, "change_message": ""}}, {"model": "admin.logentry", "pk": 8, "fields": {"action_time": "2024-05-09T12:31:30.818Z", "user": 1, "content_type": 6, "object_id": "3", "object_repr": "sarah", "action_flag": 3, "change_message": ""}}, {"model": "admin.logentry", "pk": 9, "fields": {"action_time": "2024-05-09T12:38:40.216Z", "user": 1, "content_type": 6, "object_id": "5", "object_repr": "sara", "action_flag": 1, "change_message": "[{\"added\": {}}]"}}, {"model": "admin.logentry", "pk": 10, "fields": {"action_time": "2024-05-13T08:06:07.265Z", "user": 1, "content_type": 6, "object_id": "5", "object_repr": "sara", "action_flag": 3, "change_message": ""}}, {"model": "admin.logentry", "pk": 11, "fields": {"action_time": "2024-05-13T08:06:07.336Z", "user": 1, "content_type": 6, "object_id": "2", "object_repr": "amina", "action_flag": 3, "change_message": ""}}, {"model": "admin.logentry", "pk": 12, "fields": {"action_time": "2024-05-13T08:14:56.928Z", "user": 1, "content_type": 6, "object_id": "6", "object_repr": "aamina", "action_flag": 1, "change_message": "[{\"added\": {}}]"}}, {"model": "admin.logentry", "pk": 13, "fields": {"action_time": "2024-05-15T07:53:32.758Z", "user": 1, "content_type": 6, "object_id": "7", "object_repr": "parent", "action_flag": 1, "change_message": "[{\"added\": {}}]"}}, {"model": "admin.logentry", "pk": 14, "fields": {"action_time": "2024-05-15T07:53:52.964Z", "user": 1, "content_type": 6, "object_id": "7", "object_repr": "parent", "action_flag": 3, "change_message": ""}}, {"model": "admin.logentry", "pk": 15, "fields": {"action_time": "2024-05-15T08:12:21.522Z", "user": 1, "content_type": 6, "object_id": "8", "object_repr": "parent", "action_flag": 1, "change_message": "[{\"added\": {}}]"}}, {"model": "admin.logentry", "pk": 16, "fields": {"action_time": "2024-05-15T08:12:58.662Z", "user": 1, "content_type": 6, "object_id": "8", "object_repr": "parent", "action_flag": 2, "change_message": "[{\"added\": {\"name\": \"parent child relationship\", \"object\": \"ParentChildRelationship object (1)\"}}]"}}, {"model": "admin.logentry", "pk": 17, "fields": {"action_time": "2024-05-15T08:24:59.168Z", "user": 1, "content_type": 6, "object_id": "6", "object_repr": "aamina", "action_flag": 2, "change_message": "[{\"changed\": {\"fields\": [\"Matricule\"]}}]"}}, {"model": "admin.logentry", "pk": 18, "fields": {"action_time": "2024-05-15T09:31:39.849Z", "user": 1, "content_type": 3, "object_id": "4", "object_repr": "STAFF", "action_flag": 1, "change_message": "[{\"added\": {}}]"}}, {"model": "admin.logentry", "pk": 19, "fields": {"action_time": "2024-05-15T11:49:47.558Z", "user": 1, "content_type": 6, "object_id": "9", "object_repr": "student", "action_flag": 1, "change_message": "[{\"added\": {}}]"}}, {"model": "admin.logentry", "pk": 20, "fields": {"action_time": "2024-05-15T12:07:44.397Z", "user": 1, "content_type": 6, "object_id": "6", "object_repr": "aamina", "action_flag": 2, "change_message": "[{\"changed\": {\"fields\": [\"Password\"]}}]"}}, {"model": "admin.logentry", "pk": 21, "fields": {"action_time": "2024-05-15T12:10:56.795Z", "user": 1, "content_type": 6, "object_id": "8", "object_repr": "parent", "action_flag": 2, "change_message": "[{\"added\": {\"name\": \"parent child relationship\", \"object\": \"ParentChildRelationship object (2)\"}}]"}}, {"model": "admin.logentry", "pk": 22, "fields": {"action_time": "2024-05-15T12:22:40.135Z", "user": 1, "content_type": 6, "object_id": "8", "object_repr": "parent", "action_flag": 2, "change_message": "[{\"changed\": {\"fields\": [\"Password\"]}}]"}}, {"model": "admin.logentry", "pk": 23, "fields": {"action_time": "2024-05-15T12:27:23.018Z", "user": 1, "content_type": 6, "object_id": "8", "object_repr": "parent", "action_flag": 2, "change_message": "[{\"changed\": {\"fields\": [\"Password\"]}}]"}}, {"model": "admin.logentry", "pk": 24, "fields": {"action_time": "2024-05-15T12:28:54.286Z", "user": 1, "content_type": 6, "object_id": "8", "object_repr": "parent", "action_flag": 2, "change_message": "[{\"changed\": {\"fields\": [\"Groups\"]}}]"}}, {"model": "admin.logentry", "pk": 25, "fields": {"action_time": "2024-05-15T12:41:29.001Z", "user": 1, "content_type": 6, "object_id": "8", "object_repr": "parent", "action_flag": 2, "change_message": "[{\"deleted\": {\"name\": \"parent child relationship\", \"object\": \"ParentChildRelationship object (None)\"}}, {\"deleted\": {\"name\": \"parent child relationship\", \"object\": \"ParentChildRelationship object (None)\"}}]"}}, {"model": "admin.logentry", "pk": 26, "fields": {"action_time": "2024-05-15T12:41:44.084Z", "user": 1, "content_type": 6, "object_id": "8", "object_repr": "parent", "action_flag": 2, "change_message": "[]"}}, {"model": "admin.logentry", "pk": 27, "fields": {"action_time": "2024-05-15T18:52:35.631Z", "user": 1, "content_type": 6, "object_id": "10", "object_repr": "parent2", "action_flag": 1, "change_message": "[{\"added\": {}}]"}}, {"model": "admin.logentry", "pk": 28, "fields": {"action_time": "2024-05-15T18:53:16.699Z", "user": 1, "content_type": 6, "object_id": "11", "object_repr": "student2", "action_flag": 1, "change_message": "[{\"added\": {}}]"}}, {"model": "admin.logentry", "pk": 29, "fields": {"action_time": "2024-05-15T18:54:04.798Z", "user": 1, "content_type": 6, "object_id": "10", "object_repr": "parent2", "action_flag": 2, "change_message": "[{\"added\": {\"name\": \"parent child relationship\", \"object\": \"ParentChildRelationship object (3)\"}}]"}}, {"model": "admin.logentry", "pk": 30, "fields": {"action_time": "2024-05-16T07:16:55.968Z", "user": 1, "content_type": 6, "object_id": "10", "object_repr": "parent2", "action_flag": 2, "change_message": "[{\"changed\": {\"fields\": [\"Groups\"]}}]"}}, {"model": "admin.logentry", "pk": 31, "fields": {"action_time": "2024-05-16T07:19:31.100Z", "user": 1, "content_type": 6, "object_id": "6", "object_repr": "aamina", "action_flag": 2, "change_message": "[{\"changed\": {\"fields\": [\"Password\"]}}]"}}, {"model": "admin.logentry", "pk": 32, "fields": {"action_time": "2024-05-16T07:24:47.410Z", "user": 1, "content_type": 6, "object_id": "11", "object_repr": "student2", "action_flag": 2, "change_message": "[{\"changed\": {\"fields\": [\"Groups\"]}}]"}}, {"model": "admin.logentry", "pk": 33, "fields": {"action_time": "2024-05-16T07:24:52.708Z", "user": 1, "content_type": 6, "object_id": "10", "object_repr": "parent2", "action_flag": 2, "change_message": "[]"}}, {"model": "admin.logentry", "pk": 34, "fields": {"action_time": "2024-05-16T07:25:49.334Z", "user": 1, "content_type": 6, "object_id": "8", "object_repr": "parent", "action_flag": 2, "change_message": "[{\"changed\": {\"fields\": [\"Password\"]}}]"}}, {"model": "admin.logentry", "pk": 35, "fields": {"action_time": "2024-05-16T07:31:45.271Z", "user": 1, "content_type": 6, "object_id": "10", "object_repr": "parent2", "action_flag": 2, "change_message": "[]"}}, {"model": "admin.logentry", "pk": 36, "fields": {"action_time": "2024-05-16T07:43:05.812Z", "user": 1, "content_type": 6, "object_id": "8", "object_repr": "parent", "action_flag": 2, "change_message": "[{\"added\": {\"name\": \"parent child relationship\", \"object\": \"ParentChildRelationship object (4)\"}}]"}}, {"model": "admin.logentry", "pk": 37, "fields": {"action_time": "2024-05-17T10:35:36.347Z", "user": 1, "content_type": 7, "object_id": "1", "object_repr": "1m4", "action_flag": 1, "change_message": "[{\"added\": {}}]"}}, {"model": "admin.logentry", "pk": 38, "fields": {"action_time": "2024-05-18T09:44:02.931Z", "user": 1, "content_type": 7, "object_id": "1", "object_repr": "1m4", "action_flag": 2, "change_message": "[{\"changed\": {\"fields\": [\"Level\"]}}]"}}, {"model": "admin.logentry", "pk": 39, "fields": {"action_time": "2024-05-18T09:52:07.200Z", "user": 1, "content_type": 6, "object_id": "12", "object_repr": "teacher", "action_flag": 1, "change_message": "[{\"added\": {}}]"}}, {"model": "admin.logentry", "pk": 40, "fields": {"action_time": "2024-05-18T09:52:39.272Z", "user": 1, "content_type": 7, "object_id": "1", "object_repr": "1m4", "action_flag": 2, "change_message": "[{\"added\": {\"name\": \"subject\", \"object\": \"history\"}}]"}}, {"model": "admin.logentry", "pk": 41, "fields": {"action_time": "2024-05-18T10:14:11.791Z", "user": 1, "content_type": 3, "object_id": "1", "object_repr": "STUDENTS", "action_flag": 2, "change_message": "[{\"changed\": {\"fields\": [\"Name\"]}}]"}}, {"model": "admin.logentry", "pk": 42, "fields": {"action_time": "2024-05-18T10:14:23.342Z", "user": 1, "content_type": 3, "object_id": "2", "object_repr": "TEACHERS", "action_flag": 2, "change_message": "[{\"changed\": {\"fields\": [\"Name\"]}}]"}}, {"model": "admin.logentry", "pk": 43, "fields": {"action_time": "2024-05-18T10:59:55.214Z", "user": 1, "content_type": 7, "object_id": "2", "object_repr": "5E5", "action_flag": 1, "change_message": "[{\"added\": {}}]"}}, {"model": "admin.logentry", "pk": 44, "fields": {"action_time": "2024-05-18T11:25:24.944Z", "user": 1, "content_type": 7, "object_id": "1", "object_repr": "1m4", "action_flag": 2, "change_message": "[{\"changed\": {\"fields\": [\"School year\"]}}, {\"changed\": {\"name\": \"subject\", \"object\": \"history\", \"fields\": [\"Teachers\"]}}]"}}, {"model": "admin.logentry", "pk": 45, "fields": {"action_time": "2024-05-18T12:00:22.875Z", "user": 1, "content_type": 7, "object_id": "2", "object_repr": "5E5", "action_flag": 2, "change_message": "[{\"changed\": {\"fields\": [\"School year\"]}}]"}}, {"model": "admin.logentry", "pk": 46, "fields": {"action_time": "2024-05-18T12:00:38.801Z", "user": 1, "content_type": 7, "object_id": "1", "object_repr": "1m4", "action_flag": 2, "change_message": "[{\"changed\": {\"fields\": [\"School year\"]}}]"}}, {"model": "admin.logentry", "pk": 47, "fields": {"action_time": "2024-05-18T12:49:59.631Z", "user": 1, "content_type": 9, "object_id": "1", "object_repr": "history", "action_flag": 3, "change_message": ""}}, {"model": "admin.logentry", "pk": 48, "fields": {"action_time": "2024-05-18T12:53:24.949Z", "user": 1, "content_type": 7, "object_id": "1", "object_repr": "1m4", "action_flag": 2, "change_message": "[]"}}, {"model": "admin.logentry", "pk": 49, "fields": {"action_time": "2024-05-18T13:04:00.242Z", "user": 1, "content_type": 7, "object_id": "2", "object_repr": "5E5", "action_flag": 2, "change_message": "[{\"added\": {\"name\": \"subject\", \"object\": \"Subject object (1)\"}}]"}}, {"model": "admin.logentry", "pk": 50, "fields": {"action_time": "2024-05-18T14:19:32.617Z", "user": 1, "content_type": 6, "object_id": "1", "object_repr": "admin", "action_flag": 2, "change_message": "[{\"changed\": {\"fields\": [\"Groups\"]}}]"}}, {"model": "admin.logentry", "pk": 51, "fields": {"action_time": "2024-05-18T16:03:08.712Z", "user": 1, "content_type": 7, "object_id": "2", "object_repr": "5E5", "action_flag": 2, "change_message": "[{\"changed\": {\"fields\": [\"Subjects\"]}}]"}}, {"model": "admin.logentry", "pk": 52, "fields": {"action_time": "2024-05-18T16:10:34.443Z", "user": 1, "content_type": 6, "object_id": "1", "object_repr": "admin", "action_flag": 2, "change_message": "[{\"changed\": {\"fields\": [\"User type\"]}}]"}}, {"model": "admin.logentry", "pk": 53, "fields": {"action_time": "2024-05-18T16:25:55.211Z", "user": 1, "content_type": 6, "object_id": "13", "object_repr": "student3", "action_flag": 1, "change_message": "[{\"added\": {}}]"}}, {"model": "admin.logentry", "pk": 54, "fields": {"action_time": "2024-05-18T16:26:31.085Z", "user": 1, "content_type": 6, "object_id": "14", "object_repr": "student4", "action_flag": 1, "change_message": "[{\"added\": {}}]"}}, {"model": "admin.logentry", "pk": 55, "fields": {"action_time": "2024-05-18T16:27:05.333Z", "user": 1, "content_type": 7, "object_id": "2", "object_repr": "5E5", "action_flag": 2, "change_message": "[{\"added\": {\"name\": \"student in classroom\", \"object\": \"StudentInClassroom object (1)\"}}, {\"added\": {\"name\": \"student in classroom\", \"object\": \"StudentInClassroom object (2)\"}}, {\"added\": {\"name\": \"student in classroom\", \"object\": \"StudentInClassroom object (3)\"}}, {\"added\": {\"name\": \"student in classroom\", \"object\": \"StudentInClassroom object (4)\"}}]"}}, {"model": "admin.logentry", "pk": 56, "fields": {"action_time": "2024-05-18T19:20:54.006Z", "user": 1, "content_type": 6, "object_id": "13", "object_repr": "student3", "action_flag": 2, "change_message": "[{\"added\": {\"name\": \"grade\", \"object\": \"student3 - math: 67 - teacher\"}}]"}}, {"model": "admin.logentry", "pk": 57, "fields": {"action_time": "2024-05-23T00:05:24.376Z", "user": 1, "content_type": 9, "object_id": "2", "object_repr": "Subject object (2)", "action_flag": 1, "change_message": "[{\"added\": {}}]"}}, {"model": "admin.logentry", "pk": 58, "fields": {"action_time": "2024-05-23T00:06:03.861Z", "user": 1, "content_type": 9, "object_id": "3", "object_repr": "Arabic_1_M", "action_flag": 1, "change_message": "[{\"added\": {}}]"}}, {"model": "admin.logentry", "pk": 59, "fields": {"action_time": "2024-05-23T00:06:38.157Z", "user": 1, "content_type": 9, "object_id": "4", "object_repr": "History/geography_1_M", "action_flag": 1, "change_message": "[{\"added\": {}}]"}}, {"model": "admin.logentry", "pk": 60, "fields": {"action_time": "2024-05-23T00:07:34.536Z", "user": 1, "content_type": 7, "object_id": "3", "object_repr": "1M5", "action_flag": 1, "change_message": "[{\"added\": {}}]"}}, {"model": "admin.logentry", "pk": 61, "fields": {"action_time": "2024-05-23T10:41:48.808Z", "user": 1, "content_type": 7, "object_id": "4", "object_repr": "2P1", "action_flag": 1, "change_message": "[{\"added\": {}}]"}}, {"model": "admin.logentry", "pk": 62, "fields": {"action_time": "2024-05-23T10:42:19.365Z", "user": 1, "content_type": 7, "object_id": "5", "object_repr": "1P1", "action_flag": 1, "change_message": "[{\"added\": {}}]"}}, {"model": "admin.logentry", "pk": 63, "fields": {"action_time": "2024-05-23T10:44:29.459Z", "user": 1, "content_type": 7, "object_id": "6", "object_repr": "1E3", "action_flag": 1, "change_message": "[{\"added\": {}}]"}}, {"model": "admin.logentry", "pk": 64, "fields": {"action_time": "2024-05-23T10:44:54.841Z", "user": 1, "content_type": 7, "object_id": "7", "object_repr": "2E4", "action_flag": 1, "change_message": "[{\"added\": {}}]"}}, {"model": "admin.logentry", "pk": 65, "fields": {"action_time": "2024-05-23T10:45:06.604Z", "user": 1, "content_type": 7, "object_id": "6", "object_repr": "1E3", "action_flag": 2, "change_message": "[{\"changed\": {\"fields\": [\"Level\"]}}]"}}, {"model": "admin.logentry", "pk": 66, "fields": {"action_time": "2024-05-24T15:04:01.351Z", "user": 1, "content_type": 6, "object_id": "15", "object_repr": "parent5", "action_flag": 1, "change_message": "[{\"added\": {}}]"}}, {"model": "admin.logentry", "pk": 67, "fields": {"action_time": "2024-05-24T15:04:51.423Z", "user": 1, "content_type": 6, "object_id": "14", "object_repr": "student4", "action_flag": 2, "change_message": "[]"}}, {"model": "admin.logentry", "pk": 68, "fields": {"action_time": "2024-05-24T16:22:31.262Z", "user": 1, "content_type": 6, "object_id": "16", "object_repr": "student5", "action_flag": 1, "change_message": "[{\"added\": {}}]"}}, {"model": "admin.logentry", "pk": 69, "fields": {"action_time": "2024-05-24T16:23:04.785Z", "user": 1, "content_type": 6, "object_id": "16", "object_repr": "student5", "action_flag": 2, "change_message": "[{\"changed\": {\"name\": \"Student information\", \"object\": \"student5\", \"fields\": [\"Classroom\", \"Parent\", \"Matricule\"]}}]"}}, {"model": "admin.logentry", "pk": 70, "fields": {"action_time": "2024-05-24T20:06:57.166Z", "user": 1, "content_type": 6, "object_id": "8", "object_repr": "parent", "action_flag": 3, "change_message": ""}}, {"model": "admin.logentry", "pk": 71, "fields": {"action_time": "2024-05-24T20:08:00.355Z", "user": 1, "content_type": 6, "object_id": "16", "object_repr": "student5", "action_flag": 3, "change_message": ""}}, {"model": "admin.logentry", "pk": 72, "fields": {"action_time": "2024-05-24T20:08:00.386Z", "user": 1, "content_type": 6, "object_id": "15", "object_repr": "parent5", "action_flag": 3, "change_message": ""}}, {"model": "admin.logentry", "pk": 73, "fields": {"action_time": "2024-05-24T20:08:00.410Z", "user": 1, "content_type": 6, "object_id": "14", "object_repr": "student4", "action_flag": 3, "change_message": ""}}, {"model": "admin.logentry", "pk": 74, "fields": {"action_time": "2024-05-24T20:08:00.443Z", "user": 1, "content_type": 6, "object_id": "13", "object_repr": "student3", "action_flag": 3, "change_message": ""}}, {"model": "admin.logentry", "pk": 75, "fields": {"action_time": "2024-05-24T20:08:00.482Z", "user": 1, "content_type": 6, "object_id": "12", "object_repr": "teacher", "action_flag": 3, "change_message": ""}}, {"model": "admin.logentry", "pk": 76, "fields": {"action_time": "2024-05-24T20:08:00.509Z", "user": 1, "content_type": 6, "object_id": "11", "object_repr": "student2", "action_flag": 3, "change_message": ""}}, {"model": "admin.logentry", "pk": 77, "fields": {"action_time": "2024-05-24T20:08:00.549Z", "user": 1, "content_type": 6, "object_id": "10", "object_repr": "parent2", "action_flag": 3, "change_message": ""}}, {"model": "admin.logentry", "pk": 78, "fields": {"action_time": "2024-05-24T20:08:00.576Z", "user": 1, "content_type": 6, "object_id": "9", "object_repr": "student", "action_flag": 3, "change_message": ""}}, {"model": "admin.logentry", "pk": 79, "fields": {"action_time": "2024-05-24T20:08:00.607Z", "user": 1, "content_type": 6, "object_id": "6", "object_repr": "aamina", "action_flag": 3, "change_message": ""}}, {"model": "admin.logentry", "pk": 80, "fields": {"action_time": "2024-05-24T20:08:17.344Z", "user": 1, "content_type": 9, "object_id": "4", "object_repr": "History/geography_1_M", "action_flag": 3, "change_message": ""}}, {"model": "admin.logentry", "pk": 81, "fields": {"action_time": "2024-05-24T20:08:17.378Z", "user": 1, "content_type": 9, "object_id": "3", "object_repr": "Arabic_1_M", "action_flag": 3, "change_message": ""}}, {"model": "admin.logentry", "pk": 82, "fields": {"action_time": "2024-05-24T20:08:17.409Z", "user": 1, "content_type": 9, "object_id": "2", "object_repr": "Math_1_M", "action_flag": 3, "change_message": ""}}, {"model": "admin.logentry", "pk": 83, "fields": {"action_time": "2024-05-24T20:08:17.442Z", "user": 1, "content_type": 9, "object_id": "1", "object_repr": "math", "action_flag": 3, "change_message": ""}}, {"model": "admin.logentry", "pk": 84, "fields": {"action_time": "2024-05-24T20:08:35.458Z", "user": 1, "content_type": 7, "object_id": "7", "object_repr": "2E4", "action_flag": 3, "change_message": ""}}, {"model": "admin.logentry", "pk": 85, "fields": {"action_time": "2024-05-24T20:08:35.491Z", "user": 1, "content_type": 7, "object_id": "6", "object_repr": "1E3", "action_flag": 3, "change_message": ""}}, {"model": "admin.logentry", "pk": 86, "fields": {"action_time": "2024-05-24T20:08:35.527Z", "user": 1, "content_type": 7, "object_id": "5", "object_repr": "1P1", "action_flag": 3, "change_message": ""}}, {"model": "admin.logentry", "pk": 87, "fields": {"action_time": "2024-05-24T20:08:35.557Z", "user": 1, "content_type": 7, "object_id": "4", "object_repr": "2P1", "action_flag": 3, "change_message": ""}}, {"model": "admin.logentry", "pk": 88, "fields": {"action_time": "2024-05-24T20:08:35.587Z", "user": 1, "content_type": 7, "object_id": "3", "object_repr": "1M5", "action_flag": 3, "change_message": ""}}, {"model": "admin.logentry", "pk": 89, "fields": {"action_time": "2024-05-24T20:08:35.620Z", "user": 1, "content_type": 7, "object_id": "2", "object_repr": "5E5", "action_flag": 3, "change_message": ""}}, {"model": "admin.logentry", "pk": 90, "fields": {"action_time": "2024-05-24T20:08:35.646Z", "user": 1, "content_type": 7, "object_id": "1", "object_repr": "1m4", "action_flag": 3, "change_message": ""}}, {"model": "admin.logentry", "pk": 91, "fields": {"action_time": "2024-05-24T22:22:55.919Z", "user": 1, "content_type": 6, "object_id": "17", "object_repr": "student_one", "action_flag": 2, "change_message": "[{\"changed\": {\"name\": \"Student information\", \"object\": \"student_one\", \"fields\": [\"Parent\", \"Matricule\"]}}]"}}, {"model": "admin.logentry", "pk": 92, "fields": {"action_time": "2024-05-25T09:34:03.695Z", "user": 1, "content_type": 6, "object_id": "19", "object_repr": "teacher1", "action_flag": 1, "change_message": "[{\"added\": {}}]"}}, {"model": "admin.logentry", "pk": 93, "fields": {"action_time": "2024-05-25T09:37:27.530Z", "user": 1, "content_type": 7, "object_id": "8", "object_repr": "1", "action_flag": 1, "change_message": "[{\"added\": {}}]"}}, {"model": "admin.logentry", "pk": 94, "fields": {"action_time": "2024-05-25T09:37:49.760Z", "user": 1, "content_type": 6, "object_id": "17", "object_repr": "student_one", "action_flag": 2, "change_message": "[{\"changed\": {\"name\": \"Student information\", \"object\": \"student_one\", \"fields\": [\"Classroom\"]}}]"}}, {"model": "admin.logentry", "pk": 95, "fields": {"action_time": "2024-05-25T09:41:11.039Z", "user": 1, "content_type": 6, "object_id": "20", "object_repr": "student2", "action_flag": 1, "change_message": "[{\"added\": {}}]"}}, {"model": "admin.logentry", "pk": 96, "fields": {"action_time": "2024-05-25T09:54:41.619Z", "user": 1, "content_type": 6, "object_id": "20", "object_repr": "student2", "action_flag": 2, "change_message": "[{\"changed\": {\"name\": \"Student information\", \"object\": \"student2\", \"fields\": [\"Classroom\", \"Parent\", \"Matricule\"]}}]"}}, {"model": "admin.logentry", "pk": 97, "fields": {"action_time": "2024-05-25T09:57:34.455Z", "user": 1, "content_type": 6, "object_id": "21", "object_repr": "student3", "action_flag": 1, "change_message": "[{\"added\": {}}]"}}, {"model": "admin.logentry", "pk": 98, "fields": {"action_time": "2024-05-25T09:57:44.919Z", "user": 1, "content_type": 6, "object_id": "21", "object_repr": "student3", "action_flag": 2, "change_message": "[{\"changed\": {\"name\": \"Student information\", \"object\": \"student3\", \"fields\": [\"Classroom\"]}}]"}}, {"model": "admin.logentry", "pk": 99, "fields": {"action_time": "2024-05-25T11:39:22.032Z", "user": 1, "content_type": 16, "object_id": "1", "object_repr": "test", "action_flag": 1, "change_message": "[{\"added\": {}}]"}}, {"model": "admin.logentry", "pk": 100, "fields": {"action_time": "2024-05-25T17:14:23.891Z", "user": 1, "content_type": 6, "object_id": "19", "object_repr": "teacher1", "action_flag": 2, "change_message": "[{\"changed\": {\"fields\": [\"Groups\"]}}]"}}, {"model": "admin.logentry", "pk": 101, "fields": {"action_time": "2024-05-25T19:13:14.246Z", "user": 1, "content_type": 15, "object_id": "3", "object_repr": "another", "action_flag": 2, "change_message": "[{\"changed\": {\"fields\": [\"Assignment file\"]}}]"}}, {"model": "admin.logentry", "pk": 102, "fields": {"action_time": "2024-05-25T20:31:38.656Z", "user": 1, "content_type": 15, "object_id": "1", "object_repr": "dsdqsdddsds", "action_flag": 2, "change_message": "[]"}}, {"model": "admin.logentry", "pk": 103, "fields": {"action_time": "2024-05-25T21:38:20.296Z", "user": 1, "content_type": 15, "object_id": "7", "object_repr": "yeah", "action_flag": 3, "change_message": ""}}, {"model": "admin.logentry", "pk": 104, "fields": {"action_time": "2024-05-25T21:41:16.828Z", "user": 1, "content_type": 7, "object_id": "8", "object_repr": "1", "action_flag": 2, "change_message": "[]"}}, {"model": "admin.logentry", "pk": 105, "fields": {"action_time": "2024-05-25T23:24:14.689Z", "user": 1, "content_type": 6, "object_id": "20", "object_repr": "student2", "action_flag": 2, "change_message": "[{\"changed\": {\"fields\": [\"Groups\"]}}]"}}, {"model": "admin.logentry", "pk": 106, "fields": {"action_time": "2024-05-25T23:25:23.785Z", "user": 1, "content_type": 6, "object_id": "20", "object_repr": "student2", "action_flag": 2, "change_message": "[]"}}, {"model": "admin.logentry", "pk": 107, "fields": {"action_time": "2024-05-25T23:26:55.050Z", "user": 1, "content_type": 15, "object_id": "8", "object_repr": "bla", "action_flag": 1, "change_message": "[{\"added\": {}}]"}}, {"model": "admin.logentry", "pk": 108, "fields": {"action_time": "2024-05-26T19:40:23.891Z", "user": 1, "content_type": 15, "object_id": "8", "object_repr": "bla", "action_flag": 3, "change_message": ""}}, {"model": "admin.logentry", "pk": 109, "fields": {"action_time": "2024-05-27T00:36:26.592Z", "user": 1, "content_type": 12, "object_id": "1", "object_repr": "studenttwo  - 2024-05-27", "action_flag": 1, "change_message": "[{\"added\": {}}]"}}, {"model": "admin.logentry", "pk": 110, "fields": {"action_time": "2024-05-27T00:39:57.080Z", "user": 1, "content_type": 6, "object_id": "17", "object_repr": "student_one", "action_flag": 2, "change_message": "[{\"changed\": {\"fields\": [\"Groups\"]}}]"}}, {"model": "admin.logentry", "pk": 111, "fields": {"action_time": "2024-05-27T00:41:39.062Z", "user": 1, "content_type": 6, "object_id": "18", "object_repr": "parent_one", "action_flag": 2, "change_message": "[{\"changed\": {\"fields\": [\"Groups\"]}}]"}}, {"model": "admin.logentry", "pk": 112, "fields": {"action_time": "2024-05-27T12:47:32.140Z", "user": 1, "content_type": 10, "object_id": "2", "object_repr": "student_one - Math: 17 ", "action_flag": 3, "change_message": ""}}, {"model": "admin.logentry", "pk": 113, "fields": {"action_time": "2024-05-27T14:48:35.183Z", "user": 1, "content_type": 10, "object_id": "1", "object_repr": "student_one - Math: 12 ", "action_flag": 1, "change_message": "[{\"added\": {}}]"}}, {"model": "admin.logentry", "pk": 114, "fields": {"action_time": "2024-05-27T14:50:35.467Z", "user": 1, "content_type": 10, "object_id": "2", "object_repr": "student_one - Math: 14 ", "action_flag": 1, "change_message": "[{\"added\": {}}]"}}, {"model": "admin.logentry", "pk": 115, "fields": {"action_time": "2024-05-27T14:50:54.682Z", "user": 1, "content_type": 10, "object_id": "3", "object_repr": "student_one - Math: 15 ", "action_flag": 1, "change_message": "[{\"added\": {}}]"}}, {"model": "admin.logentry", "pk": 116, "fields": {"action_time": "2024-05-27T14:51:19.365Z", "user": 1, "content_type": 9, "object_id": "6", "object_repr": "physics", "action_flag": 1, "change_message": "[{\"added\": {}}]"}}, {"model": "admin.logentry", "pk": 117, "fields": {"action_time": "2024-05-27T14:51:44.528Z", "user": 1, "content_type": 10, "object_id": "4", "object_repr": "student_one - physics: 16 ", "action_flag": 1, "change_message": "[{\"added\": {}}]"}}, {"model": "admin.logentry", "pk": 118, "fields": {"action_time": "2024-05-27T14:52:01.527Z", "user": 1, "content_type": 10, "object_id": "5", "object_repr": "student_one - physics: 14 ", "action_flag": 1, "change_message": "[{\"added\": {}}]"}}, {"model": "admin.logentry", "pk": 119, "fields": {"action_time": "2024-05-27T14:52:26.929Z", "user": 1, "content_type": 10, "object_id": "6", "object_repr": "student_one - physics: 18 ", "action_flag": 1, "change_message": "[{\"added\": {}}]"}}, {"model": "admin.logentry", "pk": 120, "fields": {"action_time": "2024-05-27T14:55:36.042Z", "user": 1, "content_type": 9, "object_id": "5", "object_repr": "Math", "action_flag": 2, "change_message": "[{\"changed\": {\"fields\": [\"Teachers\"]}}]"}}, {"model": "admin.logentry", "pk": 121, "fields": {"action_time": "2024-05-27T14:55:40.924Z", "user": 1, "content_type": 9, "object_id": "6", "object_repr": "physics", "action_flag": 2, "change_message": "[]"}}, {"model": "admin.logentry", "pk": 122, "fields": {"action_time": "2024-05-27T16:16:51.663Z", "user": 1, "content_type": 6, "object_id": "17", "object_repr": "student_one", "action_flag": 2, "change_message": "[{\"changed\": {\"fields\": [\"Groups\"]}}]"}}, {"model": "admin.logentry", "pk": 123, "fields": {"action_time": "2024-05-27T18:40:06.180Z", "user": 1, "content_type": 22, "object_id": "1", "object_repr": "Sunday 18:39:56 - 19:39:58", "action_flag": 1, "change_message": "[{\"added\": {}}]"}}, {"model": "admin.logentry", "pk": 124, "fields": {"action_time": "2024-05-27T18:43:52.983Z", "user": 1, "content_type": 13, "object_id": "1", "object_repr": "one", "action_flag": 1, "change_message": "[{\"added\": {}}, {\"added\": {\"name\": \"calendars-timeslot relationship\", \"object\": \"Calendars_timeslots object (1)\"}}]"}}, {"model": "admin.logentry", "pk": 125, "fields": {"action_time": "2024-05-27T18:47:15.357Z", "user": 1, "content_type": 13, "object_id": "1", "object_repr": "one", "action_flag": 3, "change_message": ""}}, {"model": "admin.logentry", "pk": 126, "fields": {"action_time": "2024-05-27T18:47:31.023Z", "user": 1, "content_type": 22, "object_id": "1", "object_repr": "Sunday 18:39:56 - 19:39:58", "action_flag": 3, "change_message": ""}}, {"model": "admin.logentry", "pk": 127, "fields": {"action_time": "2024-05-27T21:53:48.780Z", "user": 1, "content_type": 13, "object_id": "2", "object_repr": "one", "action_flag": 1, "change_message": "[{\"added\": {}}]"}}, {"model": "admin.logentry", "pk": 128, "fields": {"action_time": "2024-05-27T23:39:47.241Z", "user": 1, "content_type": 13, "object_id": "2", "object_repr": "one", "action_flag": 3, "change_message": ""}}, {"model": "admin.logentry", "pk": 129, "fields": {"action_time": "2024-05-27T23:40:09.521Z", "user": 1, "content_type": 13, "object_id": "3", "object_repr": "two", "action_flag": 1, "change_message": "[{\"added\": {}}]"}}, {"model": "admin.logentry", "pk": 130, "fields": {"action_time": "2024-05-27T23:54:29.927Z", "user": 1, "content_type": 13, "object_id": "3", "object_repr": "two", "action_flag": 3, "change_message": ""}}, {"model": "admin.logentry", "pk": 131, "fields": {"action_time": "2024-05-28T00:18:18.898Z", "user": 1, "content_type": 13, "object_id": "1", "object_repr": "1M1", "action_flag": 1, "change_message": "[{\"added\": {}}]"}}, {"model": "admin.logentry", "pk": 132, "fields": {"action_time": "2024-05-28T00:28:08.028Z", "user": 1, "content_type": 13, "object_id": "1", "object_repr": "1M1", "action_flag": 3, "change_message": ""}}, {"model": "admin.logentry", "pk": 133, "fields": {"action_time": "2024-05-28T00:28:38.960Z", "user": 1, "content_type": 13, "object_id": "2", "object_repr": "1M5", "action_flag": 1, "change_message": "[{\"added\": {}}]"}}, {"model": "admin.logentry", "pk": 134, "fields": {"action_time": "2024-05-28T00:29:41.242Z", "user": 1, "content_type": 13, "object_id": "3", "object_repr": "bro", "action_flag": 1, "change_message": "[{\"added\": {}}]"}}, {"model": "admin.logentry", "pk": 135, "fields": {"action_time": "2024-05-28T00:35:00.058Z", "user": 1, "content_type": 13, "object_id": "3", "object_repr": "bro", "action_flag": 3, "change_message": ""}}, {"model": "admin.logentry", "pk": 136, "fields": {"action_time": "2024-05-28T00:35:00.091Z", "user": 1, "content_type": 13, "object_id": "2", "object_repr": "1M5", "action_flag": 3, "change_message": ""}}, {"model": "admin.logentry", "pk": 137, "fields": {"action_time": "2024-05-28T00:38:42.490Z", "user": 1, "content_type": 13, "object_id": "4", "object_repr": "classroom cal", "action_flag": 1, "change_message": "[{\"added\": {}}]"}}, {"model": "admin.logentry", "pk": 138, "fields": {"action_time": "2024-05-28T00:40:20.308Z", "user": 1, "content_type": 13, "object_id": "4", "object_repr": "classroom cal", "action_flag": 2, "change_message": "[{\"changed\": {\"name\": \"time slot\", \"object\": \"Saturday  8:00 - 9:00\", \"fields\": [\"Subject\"]}}, {\"changed\": {\"name\": \"time slot\", \"object\": \"Saturday  9:00 - 10:00\", \"fields\": [\"Subject\"]}}, {\"changed\": {\"name\": \"time slot\", \"object\": \"Saturday  10:00 - 11:00\", \"fields\": [\"Subject\"]}}, {\"changed\": {\"name\": \"time slot\", \"object\": \"Saturday  1:00 - 2:00\", \"fields\": [\"Subject\"]}}, {\"changed\": {\"name\": \"time slot\", \"object\": \"Saturday  2:00 - 3:00\", \"fields\": [\"Subject\"]}}, {\"changed\": {\"name\": \"time slot\", \"object\": \"Saturday  3:00 - 4:00\", \"fields\": [\"Subject\"]}}, {\"changed\": {\"name\": \"time slot\", \"object\": \"Sunday  8:00 - 9:00\", \"fields\": [\"Subject\"]}}, {\"changed\": {\"name\": \"time slot\", \"object\": \"Sunday  9:00 - 10:00\", \"fields\": [\"Subject\"]}}, {\"changed\": {\"name\": \"time slot\", \"object\": \"Sunday  10:00 - 11:00\", \"fields\": [\"Subject\"]}}, {\"changed\": {\"name\": \"time slot\", \"object\": \"Sunday  1:00 - 2:00\", \"fields\": [\"Subject\"]}}, {\"changed\": {\"name\": \"time slot\", \"object\": \"Sunday  2:00 - 3:00\", \"fields\": [\"Subject\"]}}, {\"changed\": {\"name\": \"time slot\", \"object\": \"Sunday  3:00 - 4:00\", \"fields\": [\"Subject\"]}}, {\"changed\": {\"name\": \"time slot\", \"object\": \"Monday  8:00 - 9:00\", \"fields\": [\"Subject\"]}}, {\"changed\": {\"name\": \"time slot\", \"object\": \"Monday  9:00 - 10:00\", \"fields\": [\"Subject\"]}}, {\"changed\": {\"name\": \"time slot\", \"object\": \"Monday  10:00 - 11:00\", \"fields\": [\"Subject\"]}}, {\"changed\": {\"name\": \"time slot\", \"object\": \"Monday  1:00 - 2:00\", \"fields\": [\"Subject\"]}}, {\"changed\": {\"name\": \"time slot\", \"object\": \"Monday  2:00 - 3:00\", \"fields\": [\"Subject\"]}}, {\"changed\": {\"name\": \"time slot\", \"object\": \"Monday  3:00 - 4:00\", \"fields\": [\"Subject\"]}}, {\"changed\": {\"name\": \"time slot\", \"object\": \"Tuesday  8:00 - 9:00\", \"fields\": [\"Subject\"]}}, {\"changed\": {\"name\": \"time slot\", \"object\": \"Tuesday  9:00 - 10:00\", \"fields\": [\"Subject\"]}}, {\"changed\": {\"name\": \"time slot\", \"object\": \"Tuesday  10:00 - 11:00\", \"fields\": [\"Subject\"]}}, {\"changed\": {\"name\": \"time slot\", \"object\": \"Tuesday  1:00 - 2:00\", \"fields\": [\"Subject\"]}}, {\"changed\": {\"name\": \"time slot\", \"object\": \"Tuesday  2:00 - 3:00\", \"fields\": [\"Subject\"]}}, {\"changed\": {\"name\": \"time slot\", \"object\": \"Tuesday  3:00 - 4:00\", \"fields\": [\"Subject\"]}}, {\"changed\": {\"name\": \"time slot\", \"object\": \"Wednesday  8:00 - 9:00\", \"fields\": [\"Subject\"]}}, {\"changed\": {\"name\": \"time slot\", \"object\": \"Wednesday  9:00 - 10:00\", \"fields\": [\"Subject\"]}}, {\"changed\": {\"name\": \"time slot\", \"object\": \"Wednesday  10:00 - 11:00\", \"fields\": [\"Subject\"]}}, {\"changed\": {\"name\": \"time slot\", \"object\": \"Wednesday  1:00 - 2:00\", \"fields\": [\"Subject\"]}}, {\"changed\": {\"name\": \"time slot\", \"object\": \"Wednesday  2:00 - 3:00\", \"fields\": [\"Subject\"]}}, {\"changed\": {\"name\": \"time slot\", \"object\": \"Wednesday  3:00 - 4:00\", \"fields\": [\"Subject\"]}}]"}}, {"model": "admin.logentry", "pk": 139, "fields": {"action_time": "2024-05-28T00:40:50.226Z", "user": 1, "content_type": 13, "object_id": "5", "object_repr": "cafeteria", "action_flag": 1, "change_message": "[{\"added\": {}}]"}}, {"model": "admin.logentry", "pk": 140, "fields": {"action_time": "2024-05-28T00:41:32.833Z", "user": 1, "content_type": 13, "object_id": "5", "object_repr": "cafeteria", "action_flag": 2, "change_message": "[{\"changed\": {\"name\": \"time slot\", \"object\": \"Saturday  12:00 - 1:00\", \"fields\": [\"Content\"]}}, {\"changed\": {\"name\": \"time slot\", \"object\": \"Sunday  12:00 - 1:00\", \"fields\": [\"Content\"]}}, {\"changed\": {\"name\": \"time slot\", \"object\": \"Monday  12:00 - 1:00\", \"fields\": [\"Content\"]}}, {\"changed\": {\"name\": \"time slot\", \"object\": \"Tuesday  12:00 - 1:00\", \"fields\": [\"Content\"]}}, {\"changed\": {\"name\": \"time slot\", \"object\": \"Wednesday  12:00 - 1:00\", \"fields\": [\"Content\"]}}]"}}, {"model": "admin.logentry", "pk": 141, "fields": {"action_time": "2024-05-28T00:42:02.289Z", "user": 1, "content_type": 13, "object_id": "6", "object_repr": "events", "action_flag": 1, "change_message": "[{\"added\": {}}]"}}, {"model": "admin.logentry", "pk": 142, "fields": {"action_time": "2024-05-28T00:42:16.184Z", "user": 1, "content_type": 13, "object_id": "6", "object_repr": "events", "action_flag": 2, "change_message": "[{\"changed\": {\"name\": \"time slot\", \"object\": \"Saturday  7:00 - 8:00\", \"fields\": [\"Content\"]}}]"}}, {"model": "admin.logentry", "pk": 143, "fields": {"action_time": "2024-05-28T00:43:13.413Z", "user": 1, "content_type": 13, "object_id": "7", "object_repr": "another", "action_flag": 1, "change_message": "[{\"added\": {}}]"}}, {"model": "admin.logentry", "pk": 144, "fields": {"action_time": "2024-05-28T00:44:25.090Z", "user": 1, "content_type": 13, "object_id": "8", "object_repr": "this", "action_flag": 1, "change_message": "[{\"added\": {}}]"}}, {"model": "admin.logentry", "pk": 145, "fields": {"action_time": "2024-05-28T00:54:31.001Z", "user": 1, "content_type": 13, "object_id": "8", "object_repr": "this", "action_flag": 2, "change_message": "[]"}}, {"model": "admin.logentry", "pk": 146, "fields": {"action_time": "2024-05-28T00:54:44.034Z", "user": 1, "content_type": 13, "object_id": "9", "object_repr": "three", "action_flag": 1, "change_message": "[{\"added\": {}}]"}}, {"model": "admin.logentry", "pk": 147, "fields": {"action_time": "2024-05-28T00:55:11.799Z", "user": 1, "content_type": 13, "object_id": "9", "object_repr": "three", "action_flag": 3, "change_message": ""}}, {"model": "admin.logentry", "pk": 148, "fields": {"action_time": "2024-05-28T00:55:11.848Z", "user": 1, "content_type": 13, "object_id": "8", "object_repr": "this", "action_flag": 3, "change_message": ""}}, {"model": "admin.logentry", "pk": 149, "fields": {"action_time": "2024-05-28T00:55:11.865Z", "user": 1, "content_type": 13, "object_id": "7", "object_repr": "another", "action_flag": 3, "change_message": ""}}, {"model": "admin.logentry", "pk": 150, "fields": {"action_time": "2024-05-28T00:55:11.882Z", "user": 1, "content_type": 13, "object_id": "4", "object_repr": "classroom cal", "action_flag": 3, "change_message": ""}}, {"model": "admin.logentry", "pk": 151, "fields": {"action_time": "2024-05-28T00:55:31.045Z", "user": 1, "content_type": 13, "object_id": "5", "object_repr": "cafeteria", "action_flag": 3, "change_message": ""}}, {"model": "admin.logentry", "pk": 152, "fields": {"action_time": "2024-05-28T00:55:55.079Z", "user": 1, "content_type": 13, "object_id": "10", "object_repr": "caf", "action_flag": 1, "change_message": "[{\"added\": {}}]"}}, {"model": "admin.logentry", "pk": 153, "fields": {"action_time": "2024-05-28T00:56:35.639Z", "user": 1, "content_type": 13, "object_id": "10", "object_repr": "caf", "action_flag": 2, "change_message": "[{\"changed\": {\"name\": \"time slot\", \"object\": \"Sunday  12:00 - 1:00\", \"fields\": [\"Content\"]}}, {\"changed\": {\"name\": \"time slot\", \"object\": \"Monday  12:00 - 1:00\", \"fields\": [\"Content\"]}}, {\"changed\": {\"name\": \"time slot\", \"object\": \"Tuesday  12:00 - 1:00\", \"fields\": [\"Content\"]}}, {\"changed\": {\"name\": \"time slot\", \"object\": \"Wednesday  12:00 - 1:00\", \"fields\": [\"Content\"]}}, {\"changed\": {\"name\": \"time slot\", \"object\": \"Thursday  12:00 - 1:00\", \"fields\": [\"Content\"]}}]"}}, {"model": "admin.logentry", "pk": 154, "fields": {"action_time": "2024-05-28T00:56:52.256Z", "user": 1, "content_type": 13, "object_id": "11", "object_repr": "classroom", "action_flag": 1, "change_message": "[{\"added\": {}}]"}}, {"model": "admin.logentry", "pk": 155, "fields": {"action_time": "2024-05-28T00:58:01.699Z", "user": 1, "content_type": 13, "object_id": "11", "object_repr": "classroom", "action_flag": 2, "change_message": "[{\"changed\": {\"name\": \"time slot\", \"object\": \"Sunday  8:00 - 9:00\", \"fields\": [\"Subject\"]}}, {\"changed\": {\"name\": \"time slot\", \"object\": \"Sunday  9:00 - 10:00\", \"fields\": [\"Subject\"]}}, {\"changed\": {\"name\": \"time slot\", \"object\": \"Sunday  10:00 - 11:00\", \"fields\": [\"Subject\"]}}, {\"changed\": {\"name\": \"time slot\", \"object\": \"Sunday  1:00 - 2:00\", \"fields\": [\"Subject\"]}}, {\"changed\": {\"name\": \"time slot\", \"object\": \"Sunday  2:00 - 3:00\", \"fields\": [\"Subject\"]}}, {\"changed\": {\"name\": \"time slot\", \"object\": \"Sunday  3:00 - 4:00\", \"fields\": [\"Subject\"]}}, {\"changed\": {\"name\": \"time slot\", \"object\": \"Monday  8:00 - 9:00\", \"fields\": [\"Subject\"]}}, {\"changed\": {\"name\": \"time slot\", \"object\": \"Monday  9:00 - 10:00\", \"fields\": [\"Subject\"]}}, {\"changed\": {\"name\": \"time slot\", \"object\": \"Monday  10:00 - 11:00\", \"fields\": [\"Subject\"]}}, {\"changed\": {\"name\": \"time slot\", \"object\": \"Monday  1:00 - 2:00\", \"fields\": [\"Subject\"]}}, {\"changed\": {\"name\": \"time slot\", \"object\": \"Monday  2:00 - 3:00\", \"fields\": [\"Subject\"]}}, {\"changed\": {\"name\": \"time slot\", \"object\": \"Monday  3:00 - 4:00\", \"fields\": [\"Subject\"]}}, {\"changed\": {\"name\": \"time slot\", \"object\": \"Tuesday  8:00 - 9:00\", \"fields\": [\"Subject\"]}}, {\"changed\": {\"name\": \"time slot\", \"object\": \"Tuesday  9:00 - 10:00\", \"fields\": [\"Subject\"]}}, {\"changed\": {\"name\": \"time slot\", \"object\": \"Tuesday  10:00 - 11:00\", \"fields\": [\"Subject\"]}}, {\"changed\": {\"name\": \"time slot\", \"object\": \"Tuesday  1:00 - 2:00\", \"fields\": [\"Subject\"]}}, {\"changed\": {\"name\": \"time slot\", \"object\": \"Tuesday  2:00 - 3:00\", \"fields\": [\"Subject\"]}}, {\"changed\": {\"name\": \"time slot\", \"object\": \"Tuesday  3:00 - 4:00\", \"fields\": [\"Subject\"]}}, {\"changed\": {\"name\": \"time slot\", \"object\": \"Wednesday  8:00 - 9:00\", \"fields\": [\"Subject\"]}}, {\"changed\": {\"name\": \"time slot\", \"object\": \"Wednesday  9:00 - 10:00\", \"fields\": [\"Subject\"]}}, {\"changed\": {\"name\": \"time slot\", \"object\": \"Wednesday  10:00 - 11:00\", \"fields\": [\"Subject\"]}}, {\"changed\": {\"name\": \"time slot\", \"object\": \"Wednesday  1:00 - 2:00\", \"fields\": [\"Subject\"]}}, {\"changed\": {\"name\": \"time slot\", \"object\": \"Wednesday  2:00 - 3:00\", \"fields\": [\"Subject\"]}}, {\"changed\": {\"name\": \"time slot\", \"object\": \"Wednesday  3:00 - 4:00\", \"fields\": [\"Subject\"]}}, {\"changed\": {\"name\": \"time slot\", \"object\": \"Thursday  8:00 - 9:00\", \"fields\": [\"Subject\"]}}, {\"changed\": {\"name\": \"time slot\", \"object\": \"Thursday  9:00 - 10:00\", \"fields\": [\"Subject\"]}}, {\"changed\": {\"name\": \"time slot\", \"object\": \"Thursday  10:00 - 11:00\", \"fields\": [\"Subject\"]}}, {\"changed\": {\"name\": \"time slot\", \"object\": \"Thursday  1:00 - 2:00\", \"fields\": [\"Subject\"]}}, {\"changed\": {\"name\": \"time slot\", \"object\": \"Thursday  2:00 - 3:00\", \"fields\": [\"Subject\"]}}, {\"changed\": {\"name\": \"time slot\", \"object\": \"Thursday  3:00 - 4:00\", \"fields\": [\"Subject\"]}}]"}}, {"model": "admin.logentry", "pk": 156, "fields": {"action_time": "2024-05-28T12:40:35.399Z", "user": 1, "content_type": 7, "object_id": "8", "object_repr": "1", "action_flag": 2, "change_message": "[{\"changed\": {\"fields\": [\"Calendar\"]}}]"}}, {"model": "admin.logentry", "pk": 157, "fields": {"action_time": "2024-05-28T12:40:50.792Z", "user": 1, "content_type": 6, "object_id": "20", "object_repr": "student2", "action_flag": 2, "change_message": "[]"}}, {"model": "admin.logentry", "pk": 158, "fields": {"action_time": "2024-05-28T13:24:02.818Z", "user": 1, "content_type": 13, "object_id": "10", "object_repr": "caf", "action_flag": 2, "change_message": "[{\"changed\": {\"name\": \"time slot\", \"object\": \"Sunday  12:00 - 1:00\", \"fields\": [\"Content\"]}}]"}}, {"model": "admin.logentry", "pk": 159, "fields": {"action_time": "2024-05-28T14:05:19.816Z", "user": 1, "content_type": 13, "object_id": "12", "object_repr": "yeah", "action_flag": 1, "change_message": "[{\"added\": {}}]"}}, {"model": "admin.logentry", "pk": 160, "fields": {"action_time": "2024-05-28T14:08:54.210Z", "user": 1, "content_type": 7, "object_id": "9", "object_repr": "2", "action_flag": 1, "change_message": "[{\"added\": {}}]"}}, {"model": "admin.logentry", "pk": 161, "fields": {"action_time": "2024-05-28T14:09:18.429Z", "user": 1, "content_type": 6, "object_id": "17", "object_repr": "student_one", "action_flag": 2, "change_message": "[{\"changed\": {\"name\": \"Student information\", \"object\": \"student_one\", \"fields\": [\"Classroom\"]}}]"}}, {"model": "admin.logentry", "pk": 162, "fields": {"action_time": "2024-05-28T14:43:39.507Z", "user": 1, "content_type": 6, "object_id": "19", "object_repr": "teacher1", "action_flag": 2, "change_message": "[{\"changed\": {\"name\": \"Teacher information\", \"object\": \"teacher1\", \"fields\": [\"Calendar\"]}}]"}}, {"model": "admin.logentry", "pk": 163, "fields": {"action_time": "2024-05-28T14:44:05.167Z", "user": 1, "content_type": 13, "object_id": "12", "object_repr": "teacher_one_schedule", "action_flag": 2, "change_message": "[{\"changed\": {\"fields\": [\"Title\"]}}]"}}, {"model": "admin.logentry", "pk": 164, "fields": {"action_time": "2024-05-28T14:44:30.071Z", "user": 1, "content_type": 13, "object_id": "12", "object_repr": "teacher_one_schedule", "action_flag": 2, "change_message": "[{\"changed\": {\"name\": \"time slot\", \"object\": \"Sunday  8:00 - 9:00\", \"fields\": [\"Subject\"]}}, {\"changed\": {\"name\": \"time slot\", \"object\": \"Tuesday  9:00 - 10:00\", \"fields\": [\"Subject\"]}}, {\"changed\": {\"name\": \"time slot\", \"object\": \"Thursday  1:00 - 2:00\", \"fields\": [\"Subject\"]}}]"}}, {"model": "admin.logentry", "pk": 165, "fields": {"action_time": "2024-05-28T15:03:34.117Z", "user": 1, "content_type": 6, "object_id": "19", "object_repr": "teacher1", "action_flag": 2, "change_message": "[{\"changed\": {\"name\": \"Teacher information\", \"object\": \"teacher1\", \"fields\": [\"Calendar\"]}}]"}}, {"model": "admin.logentry", "pk": 166, "fields": {"action_time": "2024-05-28T23:37:07.589Z", "user": 1, "content_type": 6, "object_id": "22", "object_repr": "teacher2", "action_flag": 1, "change_message": "[{\"added\": {}}]"}}, {"model": "admin.logentry", "pk": 167, "fields": {"action_time": "2024-05-28T23:38:08.049Z", "user": 1, "content_type": 14, "object_id": "2", "object_repr": "another", "action_flag": 1, "change_message": "[{\"added\": {}}]"}}, {"model": "admin.logentry", "pk": 168, "fields": {"action_time": "2024-05-29T16:50:38.707Z", "user": 1, "content_type": 6, "object_id": "17", "object_repr": "student_one", "action_flag": 2, "change_message": "[{\"changed\": {\"fields\": [\"First name\", \"Last name\"]}}]"}}, {"model": "admin.logentry", "pk": 169, "fields": {"action_time": "2024-05-29T21:39:08.563Z", "user": 1, "content_type": 6, "object_id": "20", "object_repr": "student2", "action_flag": 2, "change_message": "[{\"changed\": {\"name\": \"Student information\", \"object\": \"student2\", \"fields\": [\"Classroom\"]}}]"}}, {"model": "admin.logentry", "pk": 170, "fields": {"action_time": "2024-05-30T13:28:18.342Z", "user": 1, "content_type": 13, "object_id": "13", "object_repr": "cal", "action_flag": 1, "change_message": "[{\"added\": {}}]"}}, {"model": "admin.logentry", "pk": 171, "fields": {"action_time": "2024-05-30T13:28:44.720Z", "user": 1, "content_type": 13, "object_id": "13", "object_repr": "cal", "action_flag": 2, "change_message": "[]"}}, {"model": "admin.logentry", "pk": 172, "fields": {"action_time": "2024-05-31T00:52:05.769Z", "user": 1, "content_type": 7, "object_id": "10", "object_repr": "dude", "action_flag": 1, "change_message": "[{\"added\": {}}]"}}, {"model": "admin.logentry", "pk": 173, "fields": {"action_time": "2024-05-31T01:16:19.835Z", "user": 1, "content_type": 10, "object_id": "7", "object_repr": "student2 - Math: 56 ", "action_flag": 1, "change_message": "[{\"added\": {}}]"}}, {"model": "admin.logentry", "pk": 174, "fields": {"action_time": "2024-05-31T16:04:12.271Z", "user": 1, "content_type": 13, "object_id": "10", "object_repr": "caf", "action_flag": 3, "change_message": ""}}, {"model": "admin.logentry", "pk": 175, "fields": {"action_time": "2024-05-31T16:04:12.295Z", "user": 1, "content_type": 13, "object_id": "6", "object_repr": "events", "action_flag": 3, "change_message": ""}}, {"model": "admin.logentry", "pk": 176, "fields": {"action_time": "2024-05-31T21:45:10.567Z", "user": 1, "content_type": 16, "object_id": "2", "object_repr": "another", "action_flag": 1, "change_message": "[{\"added\": {}}]"}}, {"model": "admin.logentry", "pk": 177, "fields": {"action_time": "2024-05-31T21:45:54.249Z", "user": 1, "content_type": 16, "object_id": "3", "object_repr": "yup", "action_flag": 1, "change_message": "[{\"added\": {}}]"}}, {"model": "admin.logentry", "pk": 178, "fields": {"action_time": "2024-06-01T08:20:56.447Z", "user": 1, "content_type": 18, "object_id": "14", "object_repr": "teacher2", "action_flag": 2, "change_message": "[{\"added\": {\"name\": \"subject-teacher relationship\", \"object\": \"Subject_teachers object (3)\"}}]"}}, {"model": "admin.logentry", "pk": 179, "fields": {"action_time": "2024-06-01T08:22:01.827Z", "user": 1, "content_type": 9, "object_id": "5", "object_repr": "Math", "action_flag": 2, "change_message": "[{\"changed\": {\"fields\": [\"Teachers\"]}}]"}}, {"model": "admin.logentry", "pk": 180, "fields": {"action_time": "2024-06-01T08:22:40.857Z", "user": 1, "content_type": 18, "object_id": "13", "object_repr": "teacher1", "action_flag": 2, "change_message": "[{\"added\": {\"name\": \"subject-teacher relationship\", \"object\": \"Subject_teachers object (4)\"}}]"}}, {"model": "admin.logentry", "pk": 181, "fields": {"action_time": "2024-06-01T08:22:51.023Z", "user": 1, "content_type": 9, "object_id": "5", "object_repr": "Math", "action_flag": 2, "change_message": "[{\"changed\": {\"fields\": [\"Teachers\"]}}]"}}, {"model": "admin.logentry", "pk": 182, "fields": {"action_time": "2024-06-01T08:27:01.833Z", "user": 1, "content_type": 18, "object_id": "13", "object_repr": "teacher1", "action_flag": 2, "change_message": "[{\"deleted\": {\"name\": \"subject-teacher relationship\", \"object\": \"Subject_teachers object (None)\"}}]"}}, {"model": "admin.logentry", "pk": 183, "fields": {"action_time": "2024-06-01T08:47:24.707Z", "user": 1, "content_type": 19, "object_id": "4", "object_repr": "student3", "action_flag": 2, "change_message": "[{\"added\": {\"name\": \"grade\", \"object\": \"student3 - Math: 12 \"}}]"}}, {"model": "admin.logentry", "pk": 184, "fields": {"action_time": "2024-06-01T08:56:53.889Z", "user": 1, "content_type": 19, "object_id": "4", "object_repr": "student3", "action_flag": 2, "change_message": "[{\"changed\": {\"fields\": [\"Parent\"]}}]"}}, {"model": "admin.logentry", "pk": 185, "fields": {"action_time": "2024-06-01T09:06:58.002Z", "user": 1, "content_type": 19, "object_id": "4", "object_repr": "student3", "action_flag": 2, "change_message": "[{\"added\": {\"name\": \"grade\", \"object\": \"student3 - physics: 13 \"}}]"}}, {"model": "admin.logentry", "pk": 186, "fields": {"action_time": "2024-06-01T09:07:26.981Z", "user": 1, "content_type": 19, "object_id": "4", "object_repr": "student3", "action_flag": 2, "change_message": "[{\"added\": {\"name\": \"grade\", \"object\": \"student3 - physics: 14 \"}}]"}}, {"model": "admin.logentry", "pk": 187, "fields": {"action_time": "2024-06-01T09:07:37.947Z", "user": 1, "content_type": 19, "object_id": "4", "object_repr": "student3", "action_flag": 2, "change_message": "[{\"added\": {\"name\": \"grade\", \"object\": \"student3 - physics: 15 \"}}]"}}, {"model": "admin.logentry", "pk": 188, "fields": {"action_time": "2024-06-01T09:28:15.168Z", "user": 1, "content_type": 7, "object_id": "9", "object_repr": "2", "action_flag": 2, "change_message": "[{\"changed\": {\"fields\": [\"Subjects\"]}}]"}}, {"model": "admin.logentry", "pk": 189, "fields": {"action_time": "2024-06-01T09:29:15.713Z", "user": 1, "content_type": 7, "object_id": "9", "object_repr": "2", "action_flag": 2, "change_message": "[{\"changed\": {\"fields\": [\"Subjects\"]}}]"}}, {"model": "admin.logentry", "pk": 190, "fields": {"action_time": "2024-06-01T09:29:28.895Z", "user": 1, "content_type": 19, "object_id": "4", "object_repr": "student3", "action_flag": 2, "change_message": "[{\"changed\": {\"fields\": [\"Classroom\"]}}]"}}, {"model": "auth.permission", "pk": 1, "fields": {"name": "Can add log entry", "content_type": 1, "codename": "add_logentry"}}, {"model": "auth.permission", "pk": 2, "fields": {"name": "Can change log entry", "content_type": 1, "codename": "change_logentry"}}, {"model": "auth.permission", "pk": 3, "fields": {"name": "Can delete log entry", "content_type": 1, "codename": "delete_logentry"}}, {"model": "auth.permission", "pk": 4, "fields": {"name": "Can view log entry", "content_type": 1, "codename": "view_logentry"}}, {"model": "auth.permission", "pk": 5, "fields": {"name": "Can add permission", "content_type": 2, "codename": "add_permission"}}, {"model": "auth.permission", "pk": 6, "fields": {"name": "Can change permission", "content_type": 2, "codename": "change_permission"}}, {"model": "auth.permission", "pk": 7, "fields": {"name": "Can delete permission", "content_type": 2, "codename": "delete_permission"}}, {"model": "auth.permission", "pk": 8, "fields": {"name": "Can view permission", "content_type": 2, "codename": "view_permission"}}, {"model": "auth.permission", "pk": 9, "fields": {"name": "Can add group", "content_type": 3, "codename": "add_group"}}, {"model": "auth.permission", "pk": 10, "fields": {"name": "Can change group", "content_type": 3, "codename": "change_group"}}, {"model": "auth.permission", "pk": 11, "fields": {"name": "Can delete group", "content_type": 3, "codename": "delete_group"}}, {"model": "auth.permission", "pk": 12, "fields": {"name": "Can view group", "content_type": 3, "codename": "view_group"}}, {"model": "auth.permission", "pk": 13, "fields": {"name": "Can add content type", "content_type": 4, "codename": "add_contenttype"}}, {"model": "auth.permission", "pk": 14, "fields": {"name": "Can change content type", "content_type": 4, "codename": "change_contenttype"}}, {"model": "auth.permission", "pk": 15, "fields": {"name": "Can delete content type", "content_type": 4, "codename": "delete_contenttype"}}, {"model": "auth.permission", "pk": 16, "fields": {"name": "Can view content type", "content_type": 4, "codename": "view_contenttype"}}, {"model": "auth.permission", "pk": 17, "fields": {"name": "Can add session", "content_type": 5, "codename": "add_session"}}, {"model": "auth.permission", "pk": 18, "fields": {"name": "Can change session", "content_type": 5, "codename": "change_session"}}, {"model": "auth.permission", "pk": 19, "fields": {"name": "Can delete session", "content_type": 5, "codename": "delete_session"}}, {"model": "auth.permission", "pk": 20, "fields": {"name": "Can view session", "content_type": 5, "codename": "view_session"}}, {"model": "auth.permission", "pk": 21, "fields": {"name": "Can add user", "content_type": 6, "codename": "add_customuser"}}, {"model": "auth.permission", "pk": 22, "fields": {"name": "Can change user", "content_type": 6, "codename": "change_customuser"}}, {"model": "auth.permission", "pk": 23, "fields": {"name": "Can delete user", "content_type": 6, "codename": "delete_customuser"}}, {"model": "auth.permission", "pk": 24, "fields": {"name": "Can view user", "content_type": 6, "codename": "view_customuser"}}, {"model": "auth.permission", "pk": 25, "fields": {"name": "Can add Classe", "content_type": 7, "codename": "add_classroom"}}, {"model": "auth.permission", "pk": 26, "fields": {"name": "Can change Classe", "content_type": 7, "codename": "change_classroom"}}, {"model": "auth.permission", "pk": 27, "fields": {"name": "Can delete Classe", "content_type": 7, "codename": "delete_classroom"}}, {"model": "auth.permission", "pk": 28, "fields": {"name": "Can view Classe", "content_type": 7, "codename": "view_classroom"}}, {"model": "auth.permission", "pk": 29, "fields": {"name": "Can add parent child relationship", "content_type": 8, "codename": "add_parentchildrelationship"}}, {"model": "auth.permission", "pk": 30, "fields": {"name": "Can change parent child relationship", "content_type": 8, "codename": "change_parentchildrelationship"}}, {"model": "auth.permission", "pk": 31, "fields": {"name": "Can delete parent child relationship", "content_type": 8, "codename": "delete_parentchildrelationship"}}, {"model": "auth.permission", "pk": 32, "fields": {"name": "Can view parent child relationship", "content_type": 8, "codename": "view_parentchildrelationship"}}, {"model": "auth.permission", "pk": 33, "fields": {"name": "Can add subject", "content_type": 9, "codename": "add_subject"}}, {"model": "auth.permission", "pk": 34, "fields": {"name": "Can change subject", "content_type": 9, "codename": "change_subject"}}, {"model": "auth.permission", "pk": 35, "fields": {"name": "Can delete subject", "content_type": 9, "codename": "delete_subject"}}, {"model": "auth.permission", "pk": 36, "fields": {"name": "Can view subject", "content_type": 9, "codename": "view_subject"}}, {"model": "auth.permission", "pk": 37, "fields": {"name": "Can add grade", "content_type": 10, "codename": "add_grade"}}, {"model": "auth.permission", "pk": 38, "fields": {"name": "Can change grade", "content_type": 10, "codename": "change_grade"}}, {"model": "auth.permission", "pk": 39, "fields": {"name": "Can delete grade", "content_type": 10, "codename": "delete_grade"}}, {"model": "auth.permission", "pk": 40, "fields": {"name": "Can view grade", "content_type": 10, "codename": "view_grade"}}, {"model": "auth.permission", "pk": 41, "fields": {"name": "Can add student in classroom", "content_type": 11, "codename": "add_studentinclassroom"}}, {"model": "auth.permission", "pk": 42, "fields": {"name": "Can change student in classroom", "content_type": 11, "codename": "change_studentinclassroom"}}, {"model": "auth.permission", "pk": 43, "fields": {"name": "Can delete student in classroom", "content_type": 11, "codename": "delete_studentinclassroom"}}, {"model": "auth.permission", "pk": 44, "fields": {"name": "Can view student in classroom", "content_type": 11, "codename": "view_studentinclassroom"}}, {"model": "auth.permission", "pk": 45, "fields": {"name": "Can add absences", "content_type": 12, "codename": "add_absences"}}, {"model": "auth.permission", "pk": 46, "fields": {"name": "Can change absences", "content_type": 12, "codename": "change_absences"}}, {"model": "auth.permission", "pk": 47, "fields": {"name": "Can delete absences", "content_type": 12, "codename": "delete_absences"}}, {"model": "auth.permission", "pk": 48, "fields": {"name": "Can view absences", "content_type": 12, "codename": "view_absences"}}, {"model": "auth.permission", "pk": 49, "fields": {"name": "Can add calendars", "content_type": 13, "codename": "add_calendars"}}, {"model": "auth.permission", "pk": 50, "fields": {"name": "Can change calendars", "content_type": 13, "codename": "change_calendars"}}, {"model": "auth.permission", "pk": 51, "fields": {"name": "Can delete calendars", "content_type": 13, "codename": "delete_calendars"}}, {"model": "auth.permission", "pk": 52, "fields": {"name": "Can view calendars", "content_type": 13, "codename": "view_calendars"}}, {"model": "auth.permission", "pk": 53, "fields": {"name": "Can add courses", "content_type": 14, "codename": "add_courses"}}, {"model": "auth.permission", "pk": 54, "fields": {"name": "Can change courses", "content_type": 14, "codename": "change_courses"}}, {"model": "auth.permission", "pk": 55, "fields": {"name": "Can delete courses", "content_type": 14, "codename": "delete_courses"}}, {"model": "auth.permission", "pk": 56, "fields": {"name": "Can view courses", "content_type": 14, "codename": "view_courses"}}, {"model": "auth.permission", "pk": 57, "fields": {"name": "Can add homework", "content_type": 15, "codename": "add_homework"}}, {"model": "auth.permission", "pk": 58, "fields": {"name": "Can change homework", "content_type": 15, "codename": "change_homework"}}, {"model": "auth.permission", "pk": 59, "fields": {"name": "Can delete homework", "content_type": 15, "codename": "delete_homework"}}, {"model": "auth.permission", "pk": 60, "fields": {"name": "Can view homework", "content_type": 15, "codename": "view_homework"}}, {"model": "auth.permission", "pk": 61, "fields": {"name": "Can add anouncements", "content_type": 16, "codename": "add_anouncements"}}, {"model": "auth.permission", "pk": 62, "fields": {"name": "Can change anouncements", "content_type": 16, "codename": "change_anouncements"}}, {"model": "auth.permission", "pk": 63, "fields": {"name": "Can delete anouncements", "content_type": 16, "codename": "delete_anouncements"}}, {"model": "auth.permission", "pk": 64, "fields": {"name": "Can view anouncements", "content_type": 16, "codename": "view_anouncements"}}, {"model": "auth.permission", "pk": 65, "fields": {"name": "Can add remarks", "content_type": 17, "codename": "add_remarks"}}, {"model": "auth.permission", "pk": 66, "fields": {"name": "Can change remarks", "content_type": 17, "codename": "change_remarks"}}, {"model": "auth.permission", "pk": 67, "fields": {"name": "Can delete remarks", "content_type": 17, "codename": "delete_remarks"}}, {"model": "auth.permission", "pk": 68, "fields": {"name": "Can view remarks", "content_type": 17, "codename": "view_remarks"}}, {"model": "auth.permission", "pk": 69, "fields": {"name": "Can add announcements", "content_type": 16, "codename": "add_announcements"}}, {"model": "auth.permission", "pk": 70, "fields": {"name": "Can change announcements", "content_type": 16, "codename": "change_announcements"}}, {"model": "auth.permission", "pk": 71, "fields": {"name": "Can delete announcements", "content_type": 16, "codename": "delete_announcements"}}, {"model": "auth.permission", "pk": 72, "fields": {"name": "Can view announcements", "content_type": 16, "codename": "view_announcements"}}, {"model": "auth.permission", "pk": 73, "fields": {"name": "Can add teacher", "content_type": 18, "codename": "add_teacher"}}, {"model": "auth.permission", "pk": 74, "fields": {"name": "Can change teacher", "content_type": 18, "codename": "change_teacher"}}, {"model": "auth.permission", "pk": 75, "fields": {"name": "Can delete teacher", "content_type": 18, "codename": "delete_teacher"}}, {"model": "auth.permission", "pk": 76, "fields": {"name": "Can view teacher", "content_type": 18, "codename": "view_teacher"}}, {"model": "auth.permission", "pk": 77, "fields": {"name": "Can add Student information", "content_type": 19, "codename": "add_student"}}, {"model": "auth.permission", "pk": 78, "fields": {"name": "Can change Student information", "content_type": 19, "codename": "change_student"}}, {"model": "auth.permission", "pk": 79, "fields": {"name": "Can delete Student information", "content_type": 19, "codename": "delete_student"}}, {"model": "auth.permission", "pk": 80, "fields": {"name": "Can view Student information", "content_type": 19, "codename": "view_student"}}, {"model": "auth.permission", "pk": 81, "fields": {"name": "Can add Parent information", "content_type": 20, "codename": "add_parent"}}, {"model": "auth.permission", "pk": 82, "fields": {"name": "Can change Parent information", "content_type": 20, "codename": "change_parent"}}, {"model": "auth.permission", "pk": 83, "fields": {"name": "Can delete Parent information", "content_type": 20, "codename": "delete_parent"}}, {"model": "auth.permission", "pk": 84, "fields": {"name": "Can view Parent information", "content_type": 20, "codename": "view_parent"}}, {"model": "auth.permission", "pk": 85, "fields": {"name": "Can add Homework", "content_type": 15, "codename": "add_homeworkassignment"}}, {"model": "auth.permission", "pk": 86, "fields": {"name": "Can change Homework", "content_type": 15, "codename": "change_homeworkassignment"}}, {"model": "auth.permission", "pk": 87, "fields": {"name": "Can delete Homework", "content_type": 15, "codename": "delete_homeworkassignment"}}, {"model": "auth.permission", "pk": 88, "fields": {"name": "Can view Homework", "content_type": 15, "codename": "view_homeworkassignment"}}, {"model": "auth.permission", "pk": 89, "fields": {"name": "Can add homework submission", "content_type": 21, "codename": "add_homeworksubmission"}}, {"model": "auth.permission", "pk": 90, "fields": {"name": "Can change homework submission", "content_type": 21, "codename": "change_homeworksubmission"}}, {"model": "auth.permission", "pk": 91, "fields": {"name": "Can delete homework submission", "content_type": 21, "codename": "delete_homeworksubmission"}}, {"model": "auth.permission", "pk": 92, "fields": {"name": "Can view homework submission", "content_type": 21, "codename": "view_homeworksubmission"}}, {"model": "auth.permission", "pk": 93, "fields": {"name": "Can add time slot", "content_type": 22, "codename": "add_timeslot"}}, {"model": "auth.permission", "pk": 94, "fields": {"name": "Can change time slot", "content_type": 22, "codename": "change_timeslot"}}, {"model": "auth.permission", "pk": 95, "fields": {"name": "Can delete time slot", "content_type": 22, "codename": "delete_timeslot"}}, {"model": "auth.permission", "pk": 96, "fields": {"name": "Can view time slot", "content_type": 22, "codename": "view_timeslot"}}, {"model": "auth.group", "pk": 1, "fields": {"name": "STUDENTS", "permissions": []}}, {"model": "auth.group", "pk": 2, "fields": {"name": "TEACHERS", "permissions": []}}, {"model": "auth.group", "pk": 3, "fields": {"name": "PARENTS", "permissions": []}}, {"model": "auth.group", "pk": 4, "fields": {"name": "STAFF", "permissions": []}}, {"model": "contenttypes.contenttype", "pk": 1, "fields": {"app_label": "admin", "model": "logentry"}}, {"model": "contenttypes.contenttype", "pk": 2, "fields": {"app_label": "auth", "model": "permission"}}, {"model": "contenttypes.contenttype", "pk": 3, "fields": {"app_label": "auth", "model": "group"}}, {"model": "contenttypes.contenttype", "pk": 4, "fields": {"app_label": "contenttypes", "model": "contenttype"}}, {"model": "contenttypes.contenttype", "pk": 5, "fields": {"app_label": "sessions", "model": "session"}}, {"model": "contenttypes.contenttype", "pk": 6, "fields": {"app_label": "core", "model": "customuser"}}, {"model": "contenttypes.contenttype", "pk": 7, "fields": {"app_label": "core", "model": "classroom"}}, {"model": "contenttypes.contenttype", "pk": 8, "fields": {"app_label": "core", "model": "parentchildrelationship"}}, {"model": "contenttypes.contenttype", "pk": 9, "fields": {"app_label": "core", "model": "subject"}}, {"model": "contenttypes.contenttype", "pk": 10, "fields": {"app_label": "core", "model": "grade"}}, {"model": "contenttypes.contenttype", "pk": 11, "fields": {"app_label": "core", "model": "studentinclassroom"}}, {"model": "contenttypes.contenttype", "pk": 12, "fields": {"app_label": "core", "model": "absences"}}, {"model": "contenttypes.contenttype", "pk": 13, "fields": {"app_label": "core", "model": "calendars"}}, {"model": "contenttypes.contenttype", "pk": 14, "fields": {"app_label": "core", "model": "courses"}}, {"model": "contenttypes.contenttype", "pk": 15, "fields": {"app_label": "core", "model": "homeworkassignment"}}, {"model": "contenttypes.contenttype", "pk": 16, "fields": {"app_label": "core", "model": "announcements"}}, {"model": "contenttypes.contenttype", "pk": 17, "fields": {"app_label": "core", "model": "remarks"}}, {"model": "contenttypes.contenttype", "pk": 18, "fields": {"app_label": "core", "model": "teacher"}}, {"model": "contenttypes.contenttype", "pk": 19, "fields": {"app_label": "core", "model": "student"}}, {"model": "contenttypes.contenttype", "pk": 20, "fields": {"app_label": "core", "model": "parent"}}, {"model": "contenttypes.contenttype", "pk": 21, "fields": {"app_label": "core", "model": "homeworksubmission"}}, {"model": "contenttypes.contenttype", "pk": 22, "fields": {"app_label": "core", "model": "timeslot"}}, {"model": "sessions.session", "pk": "6wcinhuui7vv36xyidigg3snsoqits1x", "fields": {"session_data": ".eJxVjDsOwjAQBe_iGln-fyjpOYO1Xq9xADlSnFSIu0OkFNC-mXkvlmBbW9oGLWkq7MwkO_1uGfBBfQflDv02c5z7ukyZ7wo_6ODXudDzcrh_Bw1G-9ZZK-MUkshSIukqrbQlVoEi-KpBYsBsPPgSwGEk0GQzeuOFsiY6J9j7A-iJN8U:1sAXfD:V3A5waraMA0Mm-6pZrATj9fuxrysHiep5wG1CUvezHs", "expire_date": "2024-06-07T16:21:03.142Z"}}, {"model": "sessions.session", "pk": "84x5vow2l6zf9c0njd716eb9jfsq9nu9", "fields": {"session_data": ".eJxVjMEOwiAQRP-FsyEFKgsevfsNZBcWqRqalPZk_Hdp0oOeJpn3Zt4i4LaWsDVewpTERehBnH5LwvjkupP0wHqfZZzrukwkd0UetMnbnPh1Pdy_g4Kt9DWwPWejkUflySrIFsnn7Clj8ux6ahgpgrKZXBfQDc5qMGCMdYlAfL4hdDhZ:1sB0ni:qQIdIHjcAstBlLJvYJV9QWAaXuRa9RnFFjZhJGFIXgg", "expire_date": "2024-06-08T23:27:46.857Z"}}, {"model": "sessions.session", "pk": "ug0aa5o3p1darmybmswzt5p0xp9w2qrd", "fields": {"session_data": ".eJxVjDsOwjAQBe_iGln-fyjpOYO1Xq9xADlSnFSIu0OkFNC-mXkvlmBbW9oGLWkq7MwkO_1uGfBBfQflDv02c5z7ukyZ7wo_6ODXudDzcrh_Bw1G-9ZZK-MUkshSIukqrbQlVoEi-KpBYsBsPPgSwGEk0GQzeuOFsiY6J9j7A-iJN8U:1s6pEP:kiEQ8W4mmxq8V9xayesOB_roWC1RsC2VkTkqkbacPik", "expire_date": "2024-05-28T10:18:01.398Z"}}, {"model": "sessions.session", "pk": "ynsctx3y6mzccr7tqv4g751j0irneivw", "fields": {"session_data": ".eJxVjDsOwjAQBe_iGln-fyjpOYO1Xq9xADlSnFSIu0OkFNC-mXkvlmBbW9oGLWkq7MwkO_1uGfBBfQflDv02c5z7ukyZ7wo_6ODXudDzcrh_Bw1G-9ZZK-MUkshSIukqrbQlVoEi-KpBYsBsPPgSwGEk0GQzeuOFsiY6J9j7A-iJN8U:1sDLDr:bKZjHUQ354QXEkHOaNEruD-DqlGYkb2MbpZULqJ0Va4", "expire_date": "2024-06-15T09:40:23.379Z"}}, {"model": "core.customuser", "pk": 1, "fields": {"password": "pbkdf2_sha256$720000$sj23omGmW4olePMGtW8wVf$Y7/MIK8g0FUm9ltaBiPK8lrpHLvpsEudpIgfWHp+/Uc=", "last_login": "2024-06-01T09:40:23.362Z", "is_superuser": true, "username": "admin", "first_name": "", "last_name": "", "email": "", "is_staff": true, "is_active": true, "date_joined": "2024-05-09T07:46:34Z", "user_type": "admin/staff", "phone_number": null, "date_of_birth": null, "groups": [4], "user_permissions": []}}, {"model": "core.customuser", "pk": 17, "fields": {"password": "pbkdf2_sha256$720000$zrsT4vO5oeUmJL9ziBhauG$LBJysNN404ctBj9mgNNT6mo+hkrVEXNZ5ApFh1NpjIY=", "last_login": "2024-05-30T01:26:02.918Z", "is_superuser": false, "username": "student_one", "first_name": "student", "last_name": "one", "email": "", "is_staff": false, "is_active": true, "date_joined": "2024-05-24T21:53:10Z", "user_type": "student", "phone_number": null, "date_of_birth": null, "groups": [1], "user_permissions": []}}, {"model": "core.customuser", "pk": 18, "fields": {"password": "pbkdf2_sha256$720000$Lc5PiM0tEERfU27IJccXpk$BTY2e9PzngeGOhjjACpTmzk9UIC8Unb3ci0E+9n7XxM=", "last_login": "2024-06-01T09:11:44.730Z", "is_superuser": false, "username": "parent_one", "first_name": "", "last_name": "", "email": "", "is_staff": false, "is_active": true, "date_joined": "2024-05-24T21:53:47Z", "user_type": "parent", "phone_number": null, "date_of_birth": null, "groups": [3], "user_permissions": []}}, {"model": "core.customuser", "pk": 19, "fields": {"password": "pbkdf2_sha256$720000$F44ngObTQUttpuFpzGIUsy$GzjbyMuaYUCTj6F283lyUFrCueCx7HSti5GE7tbC8tw=", "last_login": "2024-06-01T09:14:14.002Z", "is_superuser": false, "username": "teacher1", "first_name": "teacher", "last_name": "one", "email": "", "is_staff": false, "is_active": true, "date_joined": "2024-05-25T09:33:35Z", "user_type": "teacher", "phone_number": null, "date_of_birth": null, "groups": [2], "user_permissions": []}}, {"model": "core.customuser", "pk": 20, "fields": {"password": "pbkdf2_sha256$720000$3JuZuYqYXhTf95agtAbsZ0$XjlYGYBRNt0VNEaLnFqLG0PXhhrfWnRC8XxAzbZMSpw=", "last_login": "2024-05-31T21:39:53.709Z", "is_superuser": false, "username": "student2", "first_name": "student", "last_name": "two", "email": "", "is_staff": false, "is_active": true, "date_joined": "2024-05-25T09:40:48Z", "user_type": "student", "phone_number": null, "date_of_birth": null, "groups": [1], "user_permissions": []}}, {"model": "core.customuser", "pk": 21, "fields": {"password": "pbkdf2_sha256$720000$owddCtOPKUJVClmyyH1uUX$g8AyqNQY98rpS9OqydCmKX6xrSkch3L26KhovEFZR78=", "last_login": "2024-06-01T09:39:40.288Z", "is_superuser": false, "username": "student3", "first_name": "student", "last_name": "three", "email": "", "is_staff": false, "is_active": true, "date_joined": "2024-05-25T09:57:08Z", "user_type": "student", "phone_number": null, "date_of_birth": null, "groups": [1], "user_permissions": []}}, {"model": "core.customuser", "pk": 22, "fields": {"password": "pbkdf2_sha256$720000$jtCqT678XLGSzPZpK2j9Me$fOQsHwZ8qsfd37jTbRr7iW4A/uIuQKA3H5WWP4ESCQs=", "last_login": "2024-05-31T15:59:00.806Z", "is_superuser": false, "username": "teacher2", "first_name": "teacher", "last_name": "two", "email": "", "is_staff": false, "is_active": true, "date_joined": "2024-05-28T23:36:31Z", "user_type": "teacher", "phone_number": null, "date_of_birth": null, "groups": [2], "user_permissions": []}}, {"model": "core.teacher", "pk": 13, "fields": {"user": 19}}, {"model": "core.teacher", "pk": 14, "fields": {"user": 22}}, {"model": "core.student", "pk": 2, "fields": {"user": 17, "classroom": 9, "parent": 2, "matricule": "hfhhfde", "gender": null}}, {"model": "core.student", "pk": 3, "fields": {"user": 20, "classroom": 9, "parent": 2, "matricule": "53513513513", "gender": null}}, {"model": "core.student", "pk": 4, "fields": {"user": 21, "classroom": 9, "parent": 2, "matricule": null, "gender": null}}, {"model": "core.parent", "pk": 2, "fields": {"user": 18}}, {"model": "core.subject", "pk": 5, "fields": {"name": "Math", "coefficient": 1, "teachers": [14]}}, {"model": "core.subject", "pk": 6, "fields": {"name": "physics", "coefficient": 3, "teachers": []}}, {"model": "core.timeslot", "pk": 283, "fields": {"day": "SUN", "time_range": "8:00 - 9:00", "content": null, "subject": 5, "calendar": 11}}, {"model": "core.timeslot", "pk": 284, "fields": {"day": "SUN", "time_range": "9:00 - 10:00", "content": null, "subject": 6, "calendar": 11}}, {"model": "core.timeslot", "pk": 285, "fields": {"day": "SUN", "time_range": "10:00 - 11:00", "content": null, "subject": 5, "calendar": 11}}, {"model": "core.timeslot", "pk": 286, "fields": {"day": "SUN", "time_range": "1:00 - 2:00", "content": null, "subject": 6, "calendar": 11}}, {"model": "core.timeslot", "pk": 287, "fields": {"day": "SUN", "time_range": "2:00 - 3:00", "content": null, "subject": 5, "calendar": 11}}, {"model": "core.timeslot", "pk": 288, "fields": {"day": "SUN", "time_range": "3:00 - 4:00", "content": null, "subject": 6, "calendar": 11}}, {"model": "core.timeslot", "pk": 289, "fields": {"day": "MON", "time_range": "8:00 - 9:00", "content": null, "subject": 5, "calendar": 11}}, {"model": "core.timeslot", "pk": 290, "fields": {"day": "MON", "time_range": "9:00 - 10:00", "content": null, "subject": 6, "calendar": 11}}, {"model": "core.timeslot", "pk": 291, "fields": {"day": "MON", "time_range": "10:00 - 11:00", "content": null, "subject": 5, "calendar": 11}}, {"model": "core.timeslot", "pk": 292, "fields": {"day": "MON", "time_range": "1:00 - 2:00", "content": null, "subject": 6, "calendar": 11}}, {"model": "core.timeslot", "pk": 293, "fields": {"day": "MON", "time_range": "2:00 - 3:00", "content": null, "subject": 5, "calendar": 11}}, {"model": "core.timeslot", "pk": 294, "fields": {"day": "MON", "time_range": "3:00 - 4:00", "content": null, "subject": 6, "calendar": 11}}, {"model": "core.timeslot", "pk": 295, "fields": {"day": "TUE", "time_range": "8:00 - 9:00", "content": null, "subject": 5, "calendar": 11}}, {"model": "core.timeslot", "pk": 296, "fields": {"day": "TUE", "time_range": "9:00 - 10:00", "content": null, "subject": 6, "calendar": 11}}, {"model": "core.timeslot", "pk": 297, "fields": {"day": "TUE", "time_range": "10:00 - 11:00", "content": null, "subject": 5, "calendar": 11}}, {"model": "core.timeslot", "pk": 298, "fields": {"day": "TUE", "time_range": "1:00 - 2:00", "content": null, "subject": 6, "calendar": 11}}, {"model": "core.timeslot", "pk": 299, "fields": {"day": "TUE", "time_range": "2:00 - 3:00", "content": null, "subject": 5, "calendar": 11}}, {"model": "core.timeslot", "pk": 300, "fields": {"day": "TUE", "time_range": "3:00 - 4:00", "content": null, "subject": 6, "calendar": 11}}, {"model": "core.timeslot", "pk": 301, "fields": {"day": "WED", "time_range": "8:00 - 9:00", "content": null, "subject": 5, "calendar": 11}}, {"model": "core.timeslot", "pk": 302, "fields": {"day": "WED", "time_range": "9:00 - 10:00", "content": null, "subject": 6, "calendar": 11}}, {"model": "core.timeslot", "pk": 303, "fields": {"day": "WED", "time_range": "10:00 - 11:00", "content": null, "subject": 5, "calendar": 11}}, {"model": "core.timeslot", "pk": 304, "fields": {"day": "WED", "time_range": "1:00 - 2:00", "content": null, "subject": 6, "calendar": 11}}, {"model": "core.timeslot", "pk": 305, "fields": {"day": "WED", "time_range": "2:00 - 3:00", "content": null, "subject": 5, "calendar": 11}}, {"model": "core.timeslot", "pk": 306, "fields": {"day": "WED", "time_range": "3:00 - 4:00", "content": null, "subject": 6, "calendar": 11}}, {"model": "core.timeslot", "pk": 307, "fields": {"day": "THU", "time_range": "8:00 - 9:00", "content": null, "subject": 5, "calendar": 11}}, {"model": "core.timeslot", "pk": 308, "fields": {"day": "THU", "time_range": "9:00 - 10:00", "content": null, "subject": 6, "calendar": 11}}, {"model": "core.timeslot", "pk": 309, "fields": {"day": "THU", "time_range": "10:00 - 11:00", "content": null, "subject": 5, "calendar": 11}}, {"model": "core.timeslot", "pk": 310, "fields": {"day": "THU", "time_range": "1:00 - 2:00", "content": null, "subject": 6, "calendar": 11}}, {"model": "core.timeslot", "pk": 311, "fields": {"day": "THU", "time_range": "2:00 - 3:00", "content": null, "subject": 5, "calendar": 11}}, {"model": "core.timeslot", "pk": 312, "fields": {"day": "THU", "time_range": "3:00 - 4:00", "content": null, "subject": 6, "calendar": 11}}, {"model": "core.timeslot", "pk": 313, "fields": {"day": "SUN", "time_range": "8:00 - 9:00", "content": null, "subject": 5, "calendar": 12}}, {"model": "core.timeslot", "pk": 314, "fields": {"day": "SUN", "time_range": "9:00 - 10:00", "content": null, "subject": null, "calendar": 12}}, {"model": "core.timeslot", "pk": 315, "fields": {"day": "SUN", "time_range": "10:00 - 11:00", "content": null, "subject": null, "calendar": 12}}, {"model": "core.timeslot", "pk": 316, "fields": {"day": "SUN", "time_range": "1:00 - 2:00", "content": null, "subject": null, "calendar": 12}}, {"model": "core.timeslot", "pk": 317, "fields": {"day": "SUN", "time_range": "2:00 - 3:00", "content": null, "subject": null, "calendar": 12}}, {"model": "core.timeslot", "pk": 318, "fields": {"day": "SUN", "time_range": "3:00 - 4:00", "content": null, "subject": null, "calendar": 12}}, {"model": "core.timeslot", "pk": 319, "fields": {"day": "MON", "time_range": "8:00 - 9:00", "content": null, "subject": null, "calendar": 12}}, {"model": "core.timeslot", "pk": 320, "fields": {"day": "MON", "time_range": "9:00 - 10:00", "content": null, "subject": null, "calendar": 12}}, {"model": "core.timeslot", "pk": 321, "fields": {"day": "MON", "time_range": "10:00 - 11:00", "content": null, "subject": null, "calendar": 12}}, {"model": "core.timeslot", "pk": 322, "fields": {"day": "MON", "time_range": "1:00 - 2:00", "content": null, "subject": null, "calendar": 12}}, {"model": "core.timeslot", "pk": 323, "fields": {"day": "MON", "time_range": "2:00 - 3:00", "content": null, "subject": null, "calendar": 12}}, {"model": "core.timeslot", "pk": 324, "fields": {"day": "MON", "time_range": "3:00 - 4:00", "content": null, "subject": null, "calendar": 12}}, {"model": "core.timeslot", "pk": 325, "fields": {"day": "TUE", "time_range": "8:00 - 9:00", "content": null, "subject": null, "calendar": 12}}, {"model": "core.timeslot", "pk": 326, "fields": {"day": "TUE", "time_range": "9:00 - 10:00", "content": null, "subject": 6, "calendar": 12}}, {"model": "core.timeslot", "pk": 327, "fields": {"day": "TUE", "time_range": "10:00 - 11:00", "content": null, "subject": null, "calendar": 12}}, {"model": "core.timeslot", "pk": 328, "fields": {"day": "TUE", "time_range": "1:00 - 2:00", "content": null, "subject": null, "calendar": 12}}, {"model": "core.timeslot", "pk": 329, "fields": {"day": "TUE", "time_range": "2:00 - 3:00", "content": null, "subject": null, "calendar": 12}}, {"model": "core.timeslot", "pk": 330, "fields": {"day": "TUE", "time_range": "3:00 - 4:00", "content": null, "subject": null, "calendar": 12}}, {"model": "core.timeslot", "pk": 331, "fields": {"day": "WED", "time_range": "8:00 - 9:00", "content": null, "subject": null, "calendar": 12}}, {"model": "core.timeslot", "pk": 332, "fields": {"day": "WED", "time_range": "9:00 - 10:00", "content": null, "subject": null, "calendar": 12}}, {"model": "core.timeslot", "pk": 333, "fields": {"day": "WED", "time_range": "10:00 - 11:00", "content": null, "subject": null, "calendar": 12}}, {"model": "core.timeslot", "pk": 334, "fields": {"day": "WED", "time_range": "1:00 - 2:00", "content": null, "subject": null, "calendar": 12}}, {"model": "core.timeslot", "pk": 335, "fields": {"day": "WED", "time_range": "2:00 - 3:00", "content": null, "subject": null, "calendar": 12}}, {"model": "core.timeslot", "pk": 336, "fields": {"day": "WED", "time_range": "3:00 - 4:00", "content": null, "subject": null, "calendar": 12}}, {"model": "core.timeslot", "pk": 337, "fields": {"day": "THU", "time_range": "8:00 - 9:00", "content": null, "subject": null, "calendar": 12}}, {"model": "core.timeslot", "pk": 338, "fields": {"day": "THU", "time_range": "9:00 - 10:00", "content": null, "subject": null, "calendar": 12}}, {"model": "core.timeslot", "pk": 339, "fields": {"day": "THU", "time_range": "10:00 - 11:00", "content": null, "subject": null, "calendar": 12}}, {"model": "core.timeslot", "pk": 340, "fields": {"day": "THU", "time_range": "1:00 - 2:00", "content": null, "subject": 6, "calendar": 12}}, {"model": "core.timeslot", "pk": 341, "fields": {"day": "THU", "time_range": "2:00 - 3:00", "content": null, "subject": null, "calendar": 12}}, {"model": "core.timeslot", "pk": 342, "fields": {"day": "THU", "time_range": "3:00 - 4:00", "content": null, "subject": null, "calendar": 12}}, {"model": "core.timeslot", "pk": 343, "fields": {"day": "SUN", "time_range": "8:00 - 9:00", "content": null, "subject": null, "calendar": 13}}, {"model": "core.timeslot", "pk": 344, "fields": {"day": "SUN", "time_range": "9:00 - 10:00", "content": null, "subject": null, "calendar": 13}}, {"model": "core.timeslot", "pk": 345, "fields": {"day": "SUN", "time_range": "10:00 - 11:00", "content": null, "subject": null, "calendar": 13}}, {"model": "core.timeslot", "pk": 346, "fields": {"day": "SUN", "time_range": "11:00 - 12:00", "content": null, "subject": null, "calendar": 13}}, {"model": "core.timeslot", "pk": 347, "fields": {"day": "SUN", "time_range": "1:00 - 2:00", "content": null, "subject": null, "calendar": 13}}, {"model": "core.timeslot", "pk": 348, "fields": {"day": "SUN", "time_range": "2:00 - 3:00", "content": null, "subject": null, "calendar": 13}}, {"model": "core.timeslot", "pk": 349, "fields": {"day": "SUN", "time_range": "3:00 - 4:00", "content": null, "subject": null, "calendar": 13}}, {"model": "core.timeslot", "pk": 350, "fields": {"day": "MON", "time_range": "8:00 - 9:00", "content": null, "subject": null, "calendar": 13}}, {"model": "core.timeslot", "pk": 351, "fields": {"day": "MON", "time_range": "9:00 - 10:00", "content": null, "subject": null, "calendar": 13}}, {"model": "core.timeslot", "pk": 352, "fields": {"day": "MON", "time_range": "10:00 - 11:00", "content": null, "subject": null, "calendar": 13}}, {"model": "core.timeslot", "pk": 353, "fields": {"day": "MON", "time_range": "11:00 - 12:00", "content": null, "subject": null, "calendar": 13}}, {"model": "core.timeslot", "pk": 354, "fields": {"day": "MON", "time_range": "1:00 - 2:00", "content": null, "subject": null, "calendar": 13}}, {"model": "core.timeslot", "pk": 355, "fields": {"day": "MON", "time_range": "2:00 - 3:00", "content": null, "subject": null, "calendar": 13}}, {"model": "core.timeslot", "pk": 356, "fields": {"day": "MON", "time_range": "3:00 - 4:00", "content": null, "subject": null, "calendar": 13}}, {"model": "core.timeslot", "pk": 357, "fields": {"day": "TUE", "time_range": "8:00 - 9:00", "content": null, "subject": null, "calendar": 13}}, {"model": "core.timeslot", "pk": 358, "fields": {"day": "TUE", "time_range": "9:00 - 10:00", "content": null, "subject": null, "calendar": 13}}, {"model": "core.timeslot", "pk": 359, "fields": {"day": "TUE", "time_range": "10:00 - 11:00", "content": null, "subject": null, "calendar": 13}}, {"model": "core.timeslot", "pk": 360, "fields": {"day": "TUE", "time_range": "11:00 - 12:00", "content": null, "subject": null, "calendar": 13}}, {"model": "core.timeslot", "pk": 361, "fields": {"day": "TUE", "time_range": "1:00 - 2:00", "content": null, "subject": null, "calendar": 13}}, {"model": "core.timeslot", "pk": 362, "fields": {"day": "TUE", "time_range": "2:00 - 3:00", "content": null, "subject": null, "calendar": 13}}, {"model": "core.timeslot", "pk": 363, "fields": {"day": "TUE", "time_range": "3:00 - 4:00", "content": null, "subject": null, "calendar": 13}}, {"model": "core.timeslot", "pk": 364, "fields": {"day": "WED", "time_range": "8:00 - 9:00", "content": null, "subject": null, "calendar": 13}}, {"model": "core.timeslot", "pk": 365, "fields": {"day": "WED", "time_range": "9:00 - 10:00", "content": null, "subject": null, "calendar": 13}}, {"model": "core.timeslot", "pk": 366, "fields": {"day": "WED", "time_range": "10:00 - 11:00", "content": null, "subject": null, "calendar": 13}}, {"model": "core.timeslot", "pk": 367, "fields": {"day": "WED", "time_range": "11:00 - 12:00", "content": null, "subject": null, "calendar": 13}}, {"model": "core.timeslot", "pk": 368, "fields": {"day": "WED", "time_range": "1:00 - 2:00", "content": null, "subject": null, "calendar": 13}}, {"model": "core.timeslot", "pk": 369, "fields": {"day": "WED", "time_range": "2:00 - 3:00", "content": null, "subject": null, "calendar": 13}}, {"model": "core.timeslot", "pk": 370, "fields": {"day": "WED", "time_range": "3:00 - 4:00", "content": null, "subject": null, "calendar": 13}}, {"model": "core.timeslot", "pk": 371, "fields": {"day": "THU", "time_range": "8:00 - 9:00", "content": null, "subject": null, "calendar": 13}}, {"model": "core.timeslot", "pk": 372, "fields": {"day": "THU", "time_range": "9:00 - 10:00", "content": null, "subject": null, "calendar": 13}}, {"model": "core.timeslot", "pk": 373, "fields": {"day": "THU", "time_range": "10:00 - 11:00", "content": null, "subject": null, "calendar": 13}}, {"model": "core.timeslot", "pk": 374, "fields": {"day": "THU", "time_range": "11:00 - 12:00", "content": null, "subject": null, "calendar": 13}}, {"model": "core.timeslot", "pk": 375, "fields": {"day": "THU", "time_range": "1:00 - 2:00", "content": null, "subject": null, "calendar": 13}}, {"model": "core.timeslot", "pk": 376, "fields": {"day": "THU", "time_range": "2:00 - 3:00", "content": null, "subject": null, "calendar": 13}}, {"model": "core.timeslot", "pk": 377, "fields": {"day": "THU", "time_range": "3:00 - 4:00", "content": null, "subject": null, "calendar": 13}}, {"model": "core.calendars", "pk": 11, "fields": {"title": "classroom", "calendar_type": "CLASS", "start_week": null, "end_week": null}}, {"model": "core.calendars", "pk": 12, "fields": {"title": "teacher_one_schedule", "calendar_type": "CLASS", "start_week": null, "end_week": null}}, {"model": "core.calendars", "pk": 13, "fields": {"title": "cal", "calendar_type": "CLASS", "start_week": null, "end_week": null}}, {"model": "core.classroom", "pk": 8, "fields": {"name": "1", "level": "P1", "school_year": "2023/2024", "calendar": 11, "teachers": [], "subjects": []}}, {"model": "core.classroom", "pk": 9, "fields": {"name": "2", "level": "M2", "school_year": "2023/2024", "calendar": 12, "teachers": [], "subjects": [5, 6]}}, {"model": "core.classroom", "pk": 10, "fields": {"name": "dude", "level": "M4", "school_year": "2023/2024", "calendar": null, "teachers": [], "subjects": []}}, {"model": "core.grade", "pk": 1, "fields": {"subject": 5, "student": 2, "trimester": 1, "grade": 12, "grade_type": "Continous"}}, {"model": "core.grade", "pk": 2, "fields": {"subject": 5, "student": 2, "trimester": 1, "grade": 14, "grade_type": "Test"}}, {"model": "core.grade", "pk": 3, "fields": {"subject": 5, "student": 2, "trimester": 1, "grade": 15, "grade_type": "Exam"}}, {"model": "core.grade", "pk": 4, "fields": {"subject": 6, "student": 2, "trimester": 1, "grade": 16, "grade_type": "Continous"}}, {"model": "core.grade", "pk": 5, "fields": {"subject": 6, "student": 2, "trimester": 1, "grade": 14, "grade_type": "Test"}}, {"model": "core.grade", "pk": 6, "fields": {"subject": 6, "student": 2, "trimester": 1, "grade": 18, "grade_type": "Exam"}}, {"model": "core.grade", "pk": 7, "fields": {"subject": 5, "student": 3, "trimester": 3, "grade": 56, "grade_type": "Continous"}}, {"model": "core.grade", "pk": 8, "fields": {"subject": 5, "student": 4, "trimester": 1, "grade": 12, "grade_type": "Continous"}}, {"model": "core.grade", "pk": 9, "fields": {"subject": 6, "student": 4, "trimester": 1, "grade": 13, "grade_type": "Continous"}}, {"model": "core.grade", "pk": 10, "fields": {"subject": 6, "student": 4, "trimester": 1, "grade": 14, "grade_type": "Test"}}, {"model": "core.grade", "pk": 11, "fields": {"subject": 6, "student": 4, "trimester": 1, "grade": 15, "grade_type": "Exam"}}, {"model": "core.absences", "pk": 1, "fields": {"student": 3, "trimester": "1", "school_year": "2023/2024", "date": "2024-05-27", "is_justified": true, "justification": "Medical"}}, {"model": "core.courses", "pk": 1, "fields": {"title": "a course", "description": "its description", "level": "M1", "subject": "math", "teacher": 13, "is_additional": false, "file": "courses/403_ZxMiATO.png", "classroom": null}}, {"model": "core.courses", "pk": 2, "fields": {"title": "another", "description": "oneeeeeeeeeeeeeeeeeeeeee", "level": "E1", "subject": "physics", "teacher": 14, "is_additional": true, "file": "courses/screencapture-127-0-0-1-5500-index-html-2024-05-28-17_09_27.png", "classroom": 9}}, {"model": "core.courses", "pk": 3, "fields": {"title": "dlkajj", "description": "hdah", "level": "E1", "subject": null, "teacher": 13, "is_additional": false, "file": "courses/PLANNING-DES-SOUTENANCES-PFEs-LICENCES-2023-2024.pdf", "classroom": null}}, {"model": "core.courses", "pk": 4, "fields": {"title": "yeah", "description": "dsds", "level": "M4", "subject": "math", "teacher": 13, "is_additional": false, "file": "courses/font.PNG", "classroom": 10}}, {"model": "core.homeworkassignment", "pk": 9, "fields": {"title": "new", "description": "assgin", "due_date": "2024-05-26", "subject": 5, "teacher": 13, "assignment_file": "homeworks_assignments/kek.PNG", "classroom": 8}}, {"model": "core.homeworkassignment", "pk": 12, "fields": {"title": "make", "description": "one here it's really needed", "due_date": "2024-05-26", "subject": 5, "teacher": 14, "assignment_file": "homeworks_assignments/screencapture-127-0-0-1-5500-index-html-2024-05-28-17_09_27_1_JOF4rsI.png", "classroom": 9}}, {"model": "core.homeworkassignment", "pk": 13, "fields": {"title": "for testing", "description": "and another one", "due_date": "2024-05-26", "subject": 5, "teacher": 14, "assignment_file": "", "classroom": 8}}, {"model": "core.homeworkassignment", "pk": 14, "fields": {"title": "for 2", "description": "dsdsqds", "due_date": "2024-05-26", "subject": 5, "teacher": 14, "assignment_file": "", "classroom": 9}}, {"model": "core.homeworkassignment", "pk": 15, "fields": {"title": "assignment", "description": "trst", "due_date": "2024-05-26", "subject": 6, "teacher": 13, "assignment_file": "homeworks_assignments/PLANNING-DES-SOUTENANCES-PFEs-LICENCES-2023-2024.pdf", "classroom": 9}}, {"model": "core.homeworksubmission", "pk": 8, "fields": {"homework": 12, "student": 3, "response": "ypuzerezreaREA", "submission_file": "", "submitted_at": "2024-05-31T15:58:12.331Z"}}, {"model": "core.homeworksubmission", "pk": 9, "fields": {"homework": 14, "student": 3, "response": "LMKMKL", "submission_file": "", "submitted_at": "2024-05-31T15:58:24.867Z"}}, {"model": "core.homeworksubmission", "pk": 11, "fields": {"homework": 15, "student": 3, "response": "pds", "submission_file": "", "submitted_at": "2024-05-31T16:05:19.646Z"}}, {"model": "core.remarks", "pk": 4, "fields": {"student": 2, "trimester": 2, "date": "2024-05-25", "remark": "truuuuuuue", "teacher": 13}}, {"model": "core.remarks", "pk": 5, "fields": {"student": 4, "trimester": 2, "date": "2024-05-27", "remark": "trying", "teacher": 13}}, {"model": "core.remarks", "pk": 7, "fields": {"student": 2, "trimester": 2, "date": "2024-05-25", "remark": "kfjlkfdsfdddddddddddddddddddddddddddddddddddddddddddddddddddddddddddddddddnnnnnnnnnnnnnnnnnnnnnnnnnnnnnnnnnnnnnnnnnnnnnbbbbbbbbbbbbbbbbbbbbbbbbbbbbbbbbbbbbbbblllllllllllllllllllllggggggggggg", "teacher": 13}}, {"model": "core.announcements", "pk": 1, "fields": {"title": "test", "description": "desc", "date": "2024-05-25", "category": "General", "is_user_only": true, "active": true, "photo": "announcements/graduates.jpg"}}, {"model": "core.announcements", "pk": 2, "fields": {"title": "another", "description": "very very very very very very very very very very very very very very very very very very very very very very very very very very very very very very very very very very very very very very very very very very very very very very very very  long announcment", "date": "2024-05-31", "category": "Recruitment", "is_user_only": true, "active": true, "photo": "announcements/403_ZxMiATO.png"}}, {"model": "core.announcements", "pk": 3, "fields": {"title": "yup", "description": "gdsgdgds dggqgqgq fsffqsqqfqsq", "date": "2024-05-31", "category": "General", "is_user_only": false, "active": true, "photo": "announcements/comments-256.png"}}]